Rk,Player,Pos,Age,Tm,G,MP,PER,TS%,3PAr,FTr,ORB%,DRB%,TRB%,AST%,STL%,BLK%,TOV%,USG%,,OWS,DWS,WS,WS/48,,OBPM,DBPM,BPM,VORP,Player-additional
1,Precious Achiuwa,C-PF,24,TOT,50,1093,14.8,.543,.221,.209,13.3,19.6,16.4,8.7,1.4,3.2,12.5,16.6,,0.9,1.4,2.3,.100,,-1.3,0.0,-1.4,0.2,achiupr01
1,Precious Achiuwa,C,24,TOR,25,437,15.0,.512,.276,.247,12.4,22.1,17.1,14.2,1.8,2.4,13.3,21.3,,0.0,0.5,0.5,.056,,-1.5,-0.1,-1.5,0.1,achiupr01
1,Precious Achiuwa,PF,24,NYK,25,656,14.6,.575,.166,.172,13.9,17.9,15.9,5.0,1.1,3.7,11.7,13.4,,0.9,0.9,1.8,.130,,-1.2,0.0,-1.2,0.1,achiupr01
2,Bam Adebayo,C,26,MIA,46,1592,19.8,.570,.016,.413,7.3,27.5,17.2,19.7,1.5,2.8,12.0,25.8,,1.7,2.7,4.5,.135,,0.6,1.6,2.2,1.7,adebaba01
3,Ochai Agbaji,SG,23,TOT,56,1076,8.0,.531,.571,.084,4.0,9.6,6.8,6.1,1.3,2.5,12.6,12.6,,0.0,0.6,0.5,.023,,-2.8,-0.4,-3.1,-0.3,agbajoc01
3,Ochai Agbaji,SG,23,UTA,51,1003,8.0,.531,.570,.080,3.9,9.8,6.9,6.0,1.3,2.5,11.7,12.0,,0.1,0.5,0.6,.027,,-2.7,-0.3,-3.0,-0.3,agbajoc01
3,Ochai Agbaji,SG,23,TOR,5,73,7.8,.531,.577,.115,5.9,6.2,6.0,7.4,2.0,2.4,20.4,20.1,,-0.1,0.1,-0.1,-0.042,,-4.0,-0.8,-4.9,-0.1,agbajoc01
4,Santi Aldama,PF,23,MEM,45,1115,12.8,.529,.535,.151,4.9,20.3,12.3,13.6,1.3,2.6,9.9,18.8,,0.0,1.4,1.5,.063,,-0.8,0.5,-0.3,0.5,aldamsa01
5,Nickeil Alexander-Walker,SG,25,MIN,57,1304,9.9,.562,.652,.112,2.1,7.4,4.9,14.7,1.8,2.0,13.4,13.9,,0.6,2.1,2.7,.101,,-1.7,1.8,0.1,0.7,alexani01
6,Grayson Allen,SG,28,PHO,52,1723,13.7,.692,.623,.237,2.5,10.7,6.8,12.7,1.2,1.7,12.4,14.0,,3.3,1.4,4.7,.131,,1.0,-0.1,0.9,1.3,allengr01
7,Jarrett Allen,C,25,CLE,51,1580,21.8,.669,.010,.372,12.4,25.2,19.0,13.1,1.2,3.3,12.8,19.1,,4.2,3.0,7.2,.219,,1.8,1.4,3.2,2.1,allenja01
8,Jose Alvarado,PG,25,NOP,39,654,13.4,.534,.578,.169,2.7,11.6,7.2,15.6,3.2,2.1,10.2,18.6,,0.3,1.0,1.3,.096,,-1.3,1.8,0.5,0.4,alvarjo01
9,Kyle Anderson,PF,30,MIN,57,1261,12.5,.528,.116,.342,4.3,13.4,9.2,24.7,1.8,2.1,17.4,14.2,,1.0,2.3,3.3,.124,,-1.4,2.7,1.3,1.0,anderky01
10,Giannis Antetokounmpo,PF,29,MIL,56,1965,29.6,.653,.093,.596,8.1,26.4,17.5,31.4,1.8,2.5,13.0,32.9,,7.1,2.8,10.0,.243,,6.4,2.2,8.7,5.3,antetgi01
11,Thanasis Antetokounmpo,PF,31,MIL,24,110,5.2,.545,.045,.000,5.1,3.9,4.5,13.6,1.3,3.0,31.3,12.4,,-0.1,0.1,0.0,-0.008,,-6.9,-0.4,-7.4,-0.1,antetth01
12,Cole Anthony,PG,23,ORL,57,1311,14.5,.549,.339,.330,4.2,15.9,10.0,20.7,1.7,1.8,13.8,23.7,,0.7,1.8,2.5,.091,,-0.8,0.6,-0.3,0.6,anthoco01
13,OG Anunoby,SF,26,TOT,41,1400,13.5,.609,.475,.176,3.0,10.6,6.8,9.3,1.9,1.8,10.7,17.6,,1.3,1.3,2.6,.088,,-0.6,0.5,-0.1,0.7,anunoog01
13,OG Anunoby,SF,26,TOR,27,900,12.6,.598,.508,.143,2.9,10.2,6.5,11.2,1.5,1.3,11.2,18.2,,0.6,0.6,1.1,.060,,-0.9,-0.6,-1.5,0.1,anunoog01
13,OG Anunoby,SF,26,NYK,14,500,15.2,.630,.408,.242,3.3,11.2,7.3,6.0,2.5,2.8,9.9,16.5,,0.7,0.7,1.4,.139,,0.1,2.3,2.4,0.6,anunoog01
14,Ryan Arcidiacono,PG,29,NYK,20,45,-1.9,.000,1.000,.000,0.0,19.9,9.9,10.3,2.2,0.0,25.0,7.6,,-0.1,0.1,-0.1,-0.089,,-11.7,1.9,-9.8,-0.1,arcidry01
15,Deni Avdija,SF,23,WAS,55,1548,14.8,.605,.289,.328,3.7,21.3,12.3,18.5,1.3,1.3,15.2,19.7,,1.2,1.0,2.2,.068,,-0.7,-0.1,-0.8,0.5,avdijde01
16,Deandre Ayton,C,25,POR,39,1245,17.2,.585,.000,.112,10.0,28.5,18.7,9.0,1.6,2.2,12.3,18.6,,1.1,1.5,2.5,.098,,-0.6,-0.1,-0.7,0.4,aytonde01
17,Udoka Azubuike,C,24,PHO,14,107,13.6,.652,.000,.500,12.4,21.1,17.0,3.8,0.5,4.9,13.0,12.4,,0.1,0.1,0.3,.120,,-2.5,0.0,-2.5,0.0,azubuud01
18,Ibou Badji,C,21,POR,17,199,8.7,.620,.000,.526,10.1,17.5,13.6,8.7,0.5,9.0,37.4,8.0,,0.0,0.2,0.2,.048,,-7.6,2.2,-5.4,-0.2,badjiib01
19,Marvin Bagley III,C,24,TOT,40,814,18.7,.609,.047,.354,13.9,18.2,16.0,8.7,0.9,2.4,11.7,21.6,,1.4,0.4,1.8,.105,,0.4,-1.7,-1.3,0.1,baglema01
19,Marvin Bagley III,C,24,DET,26,478,18.0,.638,.033,.337,10.5,17.3,13.8,8.6,0.5,2.4,12.2,20.9,,0.9,0.2,1.0,.105,,0.4,-1.6,-1.3,0.1,baglema01
19,Marvin Bagley III,C,24,WAS,14,336,19.7,.572,.065,.377,18.8,19.5,19.1,8.8,1.4,2.4,11.1,22.5,,0.5,0.2,0.7,.106,,0.5,-1.8,-1.3,0.1,baglema01
20,Amari Bailey,PG,19,CHO,3,15,2.1,.317,.429,.286,14.3,0.0,7.4,9.4,0.0,0.0,11.3,25.8,,-0.1,0.0,-0.1,-0.221,,-6.4,-6.8,-13.2,0.0,baileam01
21,Patrick Baldwin Jr.,SF,21,WAS,20,152,9.2,.526,.574,.255,4.8,25.9,15.0,6.7,0.6,2.1,10.3,16.0,,0.0,0.1,0.1,.024,,-4.0,-1.3,-5.3,-0.1,baldwpa01
22,LaMelo Ball,PG,22,CHO,22,711,20.6,.561,.466,.246,4.4,13.8,8.9,42.3,2.7,0.5,15.0,33.8,,0.5,0.6,1.1,.075,,3.6,-0.4,3.2,0.9,ballla01
23,Mo Bamba,C,25,PHI,35,370,15.9,.542,.264,.264,13.6,24.3,18.9,9.2,1.6,8.2,16.4,16.9,,0.2,0.7,0.9,.110,,-2.4,1.1,-1.4,0.1,bambamo01
24,Paolo Banchero,PF,21,ORL,57,1986,17.3,.544,.237,.403,3.6,19.2,11.3,24.4,1.4,1.4,12.5,29.5,,0.8,2.7,3.5,.085,,1.3,-0.1,1.3,1.6,banchpa01
25,Desmond Bane,SG,25,MEM,37,1277,18.8,.597,.460,.201,2.8,12.0,7.3,28.1,1.4,1.4,11.6,28.9,,1.5,1.3,2.8,.104,,3.4,0.1,3.5,1.8,banede01
26,Dalano Banton,PG,24,TOT,29,268,11.2,.495,.304,.446,7.0,14.1,10.5,14.4,1.5,1.0,13.4,20.4,,0.0,0.3,0.3,.048,,-3.1,0.0,-3.0,-0.1,bantoda01
26,Dalano Banton,PG,24,BOS,24,171,9.8,.468,.314,.392,7.9,13.7,10.9,14.1,1.4,1.6,14.3,17.7,,0.0,0.2,0.2,.062,,-4.9,0.6,-4.3,-0.1,bantoda01
26,Dalano Banton,PG,24,POR,5,97,13.7,.527,.293,.512,5.5,14.9,9.9,14.9,1.5,0.0,12.2,25.1,,0.0,0.1,0.0,.022,,0.1,-1.0,-0.9,0.0,bantoda01
27,Dominick Barlow,PF,20,SAS,23,307,14.7,.531,.083,.405,11.4,18.3,14.8,11.4,1.4,3.3,4.8,14.2,,0.5,0.3,0.7,.115,,-1.5,-0.2,-1.7,0.0,barlodo01
28,Harrison Barnes,PF,31,SAC,56,1665,11.9,.630,.552,.260,3.0,8.3,5.6,5.0,1.2,0.5,6.7,14.9,,2.3,0.9,3.2,.093,,-0.6,-1.2,-1.8,0.1,barneha02
29,Scottie Barnes,SG,22,TOR,57,2002,19.4,.569,.316,.272,7.2,18.6,12.8,25.3,1.7,3.6,13.5,24.7,,2.4,2.2,4.6,.110,,2.9,0.9,3.7,2.9,barnesc01
30,RJ Barrett,SG,23,TOT,46,1435,15.5,.566,.303,.330,3.2,16.0,9.5,14.6,0.9,1.1,10.3,25.7,,1.1,1.2,2.3,.077,,0.2,-1.4,-1.2,0.3,barrerj01
30,RJ Barrett,SG,23,NYK,26,766,14.3,.536,.335,.320,2.8,13.5,8.1,12.6,0.8,1.1,9.6,27.3,,0.4,0.7,1.1,.069,,-0.5,-1.7,-2.2,0.0,barrerj01
30,RJ Barrett,SG,23,TOR,20,669,16.9,.606,.260,.344,3.7,19.0,11.2,16.9,0.9,1.0,11.2,23.9,,0.7,0.5,1.2,.087,,0.9,-1.1,-0.2,0.3,barrerj01
31,Charles Bassey,C,23,SAS,19,205,17.6,.739,.025,.150,11.9,28.5,20.0,14.0,1.8,7.0,26.0,11.8,,0.3,0.3,0.6,.146,,-2.0,3.0,1.0,0.2,bassech01
32,Emoni Bates,SF,20,CLE,10,76,3.7,.348,.800,.080,1.5,12.9,7.3,9.8,0.6,2.3,3.7,15.4,,-0.1,0.1,0.0,-0.019,,-5.3,-0.8,-6.1,-0.1,batesem01
33,Keita Bates-Diop,SF,28,TOT,42,617,11.4,.536,.419,.232,5.9,12.7,9.5,7.1,1.8,3.0,7.6,12.9,,0.4,0.7,1.1,.086,,-1.4,0.3,-1.1,0.1,bateske01
33,Keita Bates-Diop,SF,28,PHO,39,597,11.2,.525,.427,.240,6.1,12.8,9.6,7.3,1.8,2.9,7.3,12.9,,0.4,0.7,1.1,.085,,-1.5,0.2,-1.3,0.1,bateske01
33,Keita Bates-Diop,SF,28,BRK,3,20,17.7,.900,.200,.000,0.0,11.2,5.4,0.0,2.5,4.5,16.7,12.9,,0.0,0.0,0.0,.115,,2.4,1.1,3.5,0.0,bateske01
34,Nicolas Batum,PF,35,TOT,37,882,11.2,.681,.729,.100,5.2,11.7,8.5,11.2,1.3,2.5,13.1,8.1,,1.4,0.8,2.2,.122,,-0.3,0.7,0.4,0.5,batumni01
34,Nicolas Batum,PF,35,LAC,3,54,9.7,.500,.875,.000,0.0,14.2,7.3,11.1,2.7,6.6,11.1,7.3,,0.0,0.1,0.1,.095,,-1.6,4.3,2.7,0.1,batumni01
34,Nicolas Batum,PF,35,PHI,34,828,11.3,.691,.720,.106,5.6,11.5,8.5,11.3,1.2,2.3,13.2,8.2,,1.4,0.8,2.1,.124,,-0.2,0.5,0.3,0.5,batumni01
35,Darius Bazley,PF,23,PHI,2,6,-9.6,.000,.000,.000,0.0,0.0,0.0,19.0,0.0,0.0,50.0,14.2,,0.0,0.0,0.0,-0.333,,-13.5,-4.2,-17.7,0.0,bazleda01
36,Bradley Beal,SG,30,PHO,30,979,14.8,.579,.313,.206,3.1,11.3,7.4,20.8,1.3,0.7,13.4,24.0,,0.7,0.8,1.5,.074,,-0.9,-1.5,-2.3,-0.1,bealbr01
37,Malik Beasley,SG,27,MIL,56,1658,11.4,.642,.741,.051,2.4,11.5,7.1,6.0,1.3,0.3,7.2,14.0,,2.0,1.2,3.2,.092,,-0.1,-0.7,-0.8,0.5,beaslma01
38,MarJon Beauchamp,SF,23,MIL,41,571,8.8,.583,.463,.188,4.3,13.0,8.8,6.5,1.0,0.9,14.3,14.1,,0.1,0.4,0.5,.046,,-2.7,-1.0,-3.7,-0.2,beaucma01
39,Jules Bernard,SG,24,WAS,6,28,3.6,.292,.667,.000,7.4,11.7,9.5,22.6,1.7,2.9,14.3,20.9,,-0.1,0.0,-0.1,-0.152,,-7.2,-1.2,-8.4,0.0,bernaju01
40,Dāvis Bertāns,PF,31,TOT,19,134,16.7,.672,.955,.341,1.8,9.0,5.4,10.5,1.8,2.1,1.9,16.7,,0.4,0.1,0.5,.196,,3.0,0.8,3.8,0.2,bertada01
40,Dāvis Bertāns,PF,31,OKC,15,91,17.2,.675,.923,.577,2.6,9.4,6.1,12.1,1.6,3.0,3.0,16.0,,0.3,0.1,0.4,.227,,3.2,0.8,4.0,0.1,bertada01
40,Dāvis Bertāns,PF,31,CHO,4,43,15.6,.667,1.000,.000,0.0,8.1,3.9,7.1,2.3,0.0,0.0,18.2,,0.1,0.0,0.1,.130,,2.6,0.9,3.5,0.1,bertada01
41,Patrick Beverley,PG,35,TOT,53,1011,11.2,.536,.466,.244,3.7,13.4,8.5,20.4,1.3,1.7,15.5,14.7,,0.6,1.0,1.6,.076,,-1.7,0.0,-1.7,0.1,beverpa01
41,Patrick Beverley,PG,35,PHI,47,919,11.5,.547,.452,.261,3.6,13.9,8.7,20.5,1.3,1.8,15.4,14.7,,0.7,0.9,1.6,.082,,-1.5,0.0,-1.5,0.1,beverpa01
41,Patrick Beverley,PG,35,MIL,6,92,7.3,.425,.600,.080,4.9,8.1,6.5,19.8,2.1,0.9,16.2,14.3,,0.0,0.1,0.0,.017,,-4.4,0.2,-4.3,-0.1,beverpa01
42,Saddiq Bey,SF,24,ATL,56,1826,13.0,.554,.517,.282,8.4,13.3,10.7,5.8,1.2,0.4,6.4,16.5,,2.5,0.5,3.0,.080,,0.1,-2.0,-1.9,0.1,beysa01
43,Goga Bitadze,C,24,ORL,48,863,18.1,.629,.063,.376,13.4,21.8,17.5,11.8,1.5,7.4,13.4,12.7,,1.7,1.7,3.4,.187,,-0.3,2.9,2.6,1.0,bitadgo01
44,Onuralp Bitim,SG,24,CHI,2,6,-12.7,.000,.500,.000,0.0,0.0,0.0,0.0,0.0,0.0,0.0,14.6,,0.0,0.0,0.0,-0.348,,-15.7,-8.2,-23.8,0.0,bitimon01
45,Bismack Biyombo,C,31,TOT,31,726,9.7,.560,.000,.387,8.3,21.2,14.5,9.9,0.7,4.5,21.9,10.6,,0.1,1.0,1.0,.068,,-4.9,1.6,-3.3,-0.2,biyombi01
45,Bismack Biyombo,C,31,MEM,30,718,9.9,.560,.000,.387,8.4,21.3,14.6,10.0,0.7,4.4,21.4,10.6,,0.1,0.9,1.1,.070,,-4.9,1.6,-3.2,-0.2,biyombi01
45,Bismack Biyombo,C,31,OKC,1,8,-1.8,,,,0.0,13.3,7.0,0.0,0.0,11.5,100.0,5.4,,0.0,0.0,0.0,-0.101,,-9.5,2.3,-7.2,0.0,biyombi01
46,Anthony Black,PG,20,ORL,53,980,8.3,.561,.360,.330,3.4,10.9,7.1,11.2,1.4,1.7,17.1,12.4,,0.2,1.1,1.3,.064,,-3.9,0.7,-3.3,-0.3,blackan01
47,Leaky Black,SF,24,CHO,22,218,9.9,.554,.385,.359,3.9,16.0,9.7,10.8,1.1,2.5,10.0,10.0,,0.2,0.1,0.3,.065,,-3.2,-0.2,-3.4,-0.1,blackle01
48,Bogdan Bogdanović,SG,31,ATL,55,1599,15.0,.569,.597,.137,2.1,10.5,6.1,13.9,2.0,0.8,7.3,22.5,,2.1,0.7,2.7,.082,,1.0,-0.7,0.3,1.0,bogdabo01
49,Bojan Bogdanović,PF-SF,34,TOT,32,1019,13.9,.599,.487,.244,1.4,10.1,5.7,10.7,1.3,0.4,11.1,24.2,,0.6,0.3,0.9,.044,,0.2,-2.2,-2.0,0.0,bogdabo02
49,Bojan Bogdanović,PF,34,DET,28,921,13.9,.600,.487,.245,1.5,10.1,5.7,11.7,1.2,0.4,11.8,24.4,,0.5,0.2,0.7,.037,,0.3,-2.5,-2.2,0.0,bogdabo02
49,Bojan Bogdanović,SF,34,NYK,4,98,13.9,.591,.488,.233,0.0,10.3,5.1,1.5,2.0,0.9,4.0,21.5,,0.1,0.1,0.2,.109,,-0.2,0.1,-0.1,0.0,bogdabo02
50,Bol Bol,PF,24,PHO,20,208,21.2,.708,.264,.111,11.0,24.3,18.0,7.3,1.2,5.9,11.7,17.8,,0.5,0.3,0.8,.188,,1.8,1.0,2.8,0.3,bolbo01
51,Marques Bolden,C,25,MIL,2,3,3.1,,,,0.0,70.6,36.4,0.0,0.0,0.0,,0.0,,0.0,0.0,0.0,.102,,-7.7,2.3,-5.4,0.0,boldema01
52,Devin Booker,PG,27,PHO,48,1711,22.5,.613,.297,.365,2.4,11.7,7.3,31.8,1.3,1.0,10.3,30.3,,5.1,1.4,6.5,.183,,4.1,-1.1,3.0,2.2,bookede01
53,Brandon Boston Jr.,SF,22,LAC,18,124,9.3,.498,.333,.200,6.6,7.1,6.8,5.8,0.8,1.4,9.7,25.4,,-0.1,0.1,0.0,-0.005,,-4.9,-3.6,-8.5,-0.2,bostobr01
54,Chris Boucher,PF,31,TOR,47,645,15.7,.607,.441,.417,9.4,23.0,16.0,4.0,1.1,2.8,8.4,17.5,,1.0,0.6,1.6,.123,,-0.5,-1.3,-1.9,0.0,bouchch01
55,James Bouknight,SG,23,CHO,14,81,15.8,.597,.732,.049,1.3,11.5,6.2,11.9,0.6,1.1,4.6,23.6,,0.1,0.0,0.1,.067,,4.3,-2.1,2.1,0.1,bouknja01
56,Jamaree Bouyea,PG,24,POR,6,57,-4.8,.238,.381,.000,3.7,16.9,9.9,19.5,0.0,0.0,27.6,21.6,,-0.4,0.0,-0.4,-0.301,,-13.1,-4.9,-18.0,-0.2,bouyeja01
57,Malaki Branham,PG,20,SAS,53,1075,8.4,.509,.405,.082,1.9,8.8,5.3,15.2,0.8,0.4,11.7,19.0,,-0.7,0.3,-0.4,-0.019,,-3.8,-2.3,-6.1,-1.1,branhma01
58,Christian Braun,SG,22,DEN,58,1109,11.2,.533,.316,.304,5.2,15.2,10.3,9.4,1.1,1.7,9.3,16.4,,0.6,1.2,1.8,.078,,-2.4,-0.6,-3.0,-0.3,braunch01
59,Mikal Bridges,SF,27,BRK,56,1972,15.8,.569,.415,.269,2.4,12.8,7.4,16.4,1.3,1.0,10.2,25.7,,1.6,1.3,2.9,.071,,1.2,-1.1,0.0,1.0,bridgmi01
60,Miles Bridges,SF,25,CHO,46,1714,16.0,.564,.371,.173,2.8,20.2,11.1,14.4,1.4,1.3,9.5,24.6,,0.7,1.2,1.9,.053,,0.5,-0.9,-0.4,0.7,bridgmi02
61,Oshae Brissett,SF,25,BOS,37,401,13.9,.566,.410,.520,10.1,16.7,13.6,9.2,1.7,0.4,8.2,14.4,,0.7,0.6,1.3,.157,,-1.0,0.9,-0.1,0.2,brissos01
62,Malcolm Brogdon,PG,31,POR,39,1121,17.0,.560,.401,.234,2.6,12.9,7.4,31.1,1.2,0.6,9.9,23.0,,1.9,0.6,2.5,.106,,2.6,-0.8,1.8,1.1,brogdma01
63,Armoni Brooks,PG,25,BRK,10,104,8.1,.448,.696,.043,7.0,11.8,9.3,6.7,0.5,0.9,6.0,20.6,,-0.1,0.0,-0.1,-0.025,,-2.1,-3.7,-5.8,-0.1,brookar01
64,Dillon Brooks,SF,28,HOU,48,1501,10.2,.570,.454,.213,2.6,9.2,5.9,7.6,1.4,0.4,10.1,18.3,,0.6,1.5,2.2,.069,,-2.8,0.0,-2.8,-0.3,brookdi01
65,Bruce Brown,SG-PG,27,TOT,49,1402,11.9,.561,.300,.236,3.2,14.7,8.9,12.2,1.6,1.0,10.3,16.4,,1.1,0.9,1.9,.067,,-2.1,-0.6,-2.7,-0.2,brownbr01
65,Bruce Brown,SG,27,IND,33,981,12.1,.568,.322,.261,2.9,15.1,9.0,12.3,1.7,0.6,10.5,16.6,,0.8,0.6,1.4,.068,,-1.7,-0.6,-2.3,-0.1,brownbr01
65,Bruce Brown,PG,27,TOR,16,421,11.4,.542,.246,.177,3.8,13.6,8.6,11.8,1.5,1.7,9.7,15.7,,0.2,0.3,0.5,.063,,-3.0,-0.6,-3.6,-0.2,brownbr01
66,Charlie Brown Jr.,SG,26,NYK,6,33,-2.4,.333,.667,.000,3.4,3.4,3.4,0.0,0.0,5.6,18.2,14.2,,-0.1,0.0,-0.1,-0.109,,-9.9,-3.0,-12.9,-0.1,brownch02
67,Greg Brown III,PF,22,DAL,6,40,10.4,.501,.273,.818,8.2,16.5,12.3,13.0,0.0,8.7,21.1,20.2,,0.0,0.0,0.0,-0.006,,-4.9,0.5,-4.4,0.0,browngr01
68,Jaylen Brown,SF,27,BOS,52,1738,17.7,.577,.331,.242,3.6,13.5,8.8,17.5,1.6,1.5,11.2,28.0,,1.6,2.4,4.1,.113,,0.4,0.0,0.4,1.0,brownja02
69,Kendall Brown,SG,20,IND,5,20,14.0,.579,.167,1.000,11.4,0.0,5.7,12.1,0.0,0.0,0.0,18.0,,0.1,0.0,0.1,.156,,-0.1,-2.3,-2.4,0.0,brownke03
70,Kobe Brown,PF,24,LAC,32,279,5.4,.469,.629,.032,4.2,13.3,8.9,7.5,1.1,1.0,10.0,10.9,,0.0,0.2,0.2,.035,,-4.8,0.1,-4.7,-0.2,brownko01
71,Moses Brown,C,24,POR,9,82,12.9,.395,.000,.190,23.2,41.1,31.6,3.5,1.2,3.3,14.9,13.9,,0.0,0.1,0.1,.045,,-4.9,-2.3,-7.2,-0.1,brownmo01
72,Troy Brown Jr.,SF,24,TOT,42,484,11.1,.587,.697,.169,4.0,16.1,10.3,11.6,0.9,0.4,12.1,15.7,,0.4,0.7,1.1,.105,,-0.6,0.4,-0.2,0.2,browntr01
72,Troy Brown Jr.,SF,24,MIN,37,410,11.6,.603,.712,.186,4.2,15.1,10.0,11.7,1.0,0.4,12.4,15.6,,0.4,0.6,1.0,.123,,-0.2,0.7,0.4,0.3,browntr01
72,Troy Brown Jr.,SF,24,DET,5,74,8.3,.502,.625,.083,3.0,21.8,12.1,10.7,0.6,0.0,10.8,15.9,,0.0,0.0,0.0,.005,,-3.0,-0.8,-3.8,0.0,browntr01
73,Jalen Brunson,PG,27,NYK,54,1942,22.1,.594,.319,.312,1.8,10.0,5.9,31.0,1.3,0.5,9.7,30.5,,5.7,1.8,7.5,.185,,5.3,-0.4,4.9,3.4,brunsja01
74,Thomas Bryant,C,26,MIA,25,259,15.1,.611,.052,.286,10.7,23.0,16.8,8.8,1.1,1.9,14.8,17.4,,0.3,0.4,0.7,.123,,-2.3,-0.4,-2.7,0.0,bryanth01
75,Kobe Bufkin,SG,20,ATL,6,35,6.4,.370,.643,.143,5.9,16.0,10.8,14.5,1.4,2.5,11.8,19.8,,-0.1,0.0,-0.1,-0.073,,-4.8,-1.5,-6.3,0.0,bufkiko01
76,Reggie Bullock,SF,32,HOU,23,216,8.2,.585,.780,.020,1.5,14.9,8.2,6.1,0.9,0.9,9.0,10.9,,0.1,0.2,0.3,.075,,-2.2,0.0,-2.2,0.0,bullore01
77,Alec Burks,SG,32,TOT,48,1002,13.9,.567,.600,.315,2.0,11.7,6.7,10.3,1.0,0.9,6.9,23.7,,1.1,0.3,1.5,.070,,0.6,-2.1,-1.5,0.1,burksal01
77,Alec Burks,SG,32,DET,43,901,14.9,.581,.608,.330,1.9,12.0,6.8,10.8,1.1,1.0,6.4,23.3,,1.4,0.3,1.6,.087,,1.3,-1.8,-0.5,0.3,burksal01
77,Alec Burks,SG,32,NYK,5,101,5.2,.459,.537,.204,2.2,8.9,5.5,5.8,0.0,0.0,10.6,27.9,,-0.2,0.1,-0.2,-0.073,,-5.3,-5.3,-10.6,-0.2,burksal01
78,Jared Butler,SG,23,WAS,20,152,18.1,.660,.474,.263,0.0,8.6,4.2,32.2,2.4,1.1,14.7,20.5,,0.3,0.1,0.4,.129,,1.2,0.0,1.2,0.1,butleja02
79,Jimmy Butler,PF,34,MIA,38,1281,22.7,.632,.167,.610,6.7,12.0,9.3,22.0,2.0,0.9,9.3,24.5,,4.2,1.6,5.8,.217,,4.4,0.6,5.0,2.3,butleji01
80,Jamal Cain,PF,24,MIA,16,225,11.2,.531,.377,.333,6.4,9.7,8.0,2.6,2.2,1.7,5.9,16.5,,0.1,0.3,0.4,.084,,-2.9,0.2,-2.7,0.0,cainja01
81,Kentavious Caldwell-Pope,SG,30,DEN,53,1679,10.0,.576,.484,.230,1.6,6.6,4.1,9.2,2.0,1.2,10.1,13.1,,1.2,1.7,2.9,.082,,-2.7,0.4,-2.3,-0.1,caldwke01
82,Toumani Camara,PF,23,POR,55,1296,9.7,.521,.406,.230,8.3,14.9,11.3,6.2,2.0,1.7,15.2,14.1,,-0.2,1.2,1.0,.037,,-4.0,0.0,-4.0,-0.6,camarto01
83,Clint Capela,C,29,ATL,49,1245,20.4,.587,.000,.332,19.3,25.0,22.0,5.3,1.0,5.1,8.3,16.7,,3.0,1.1,4.1,.158,,0.9,-1.4,-0.4,0.5,capelca01
84,Jevon Carter,PG,28,CHI,54,742,8.2,.484,.651,.018,0.9,5.7,3.2,12.3,1.9,1.7,9.5,18.7,,-0.6,0.6,0.0,.002,,-3.5,-0.5,-4.0,-0.4,carteje01
85,Wendell Carter Jr.,C,24,ORL,32,839,15.5,.647,.372,.340,7.9,21.3,14.5,8.8,0.9,1.6,11.9,16.8,,1.4,1.1,2.5,.145,,0.5,-0.1,0.5,0.5,cartewe01
86,D.J. Carton,SG,23,TOR,1,4,22.7,1.042,.000,1.000,0.0,28.1,13.8,0.0,0.0,0.0,0.0,15.4,,0.0,0.0,0.0,.357,,-5.2,5.4,0.2,0.0,cartodj01
87,Alex Caruso,SG,29,CHI,49,1335,14.5,.624,.604,.205,3.8,11.8,7.7,14.4,2.5,4.3,14.9,15.0,,1.5,1.8,3.3,.118,,0.2,2.2,2.5,1.5,carusal01
88,Colin Castleton,C,23,LAL,7,36,18.5,.765,.000,.400,12.9,14.7,13.9,11.9,0.0,0.0,7.8,15.3,,0.2,0.0,0.2,.232,,-0.2,-1.8,-2.0,0.0,castlco01
89,Malcolm Cazalon,SG,22,DET,1,3,0.0,,,,0.0,0.0,0.0,0.0,0.0,0.0,,0.0,,0.0,0.0,0.0,-0.017,,-6.0,-3.2,-9.2,0.0,cazalma01
90,Julian Champagnie,SF,22,SAS,51,856,10.9,.555,.714,.200,3.8,13.0,8.3,9.7,1.7,2.7,10.7,14.6,,0.3,0.7,0.9,.052,,-1.8,-0.4,-2.2,0.0,champju02
91,Justin Champagnie,SF,22,WAS,2,10,30.7,.786,.429,.000,0.0,0.0,0.0,0.0,4.6,0.0,12.5,33.5,,0.0,0.0,0.0,.096,,9.0,2.9,12.0,0.0,champju01
92,Max Christie,SG,20,LAL,46,787,8.1,.542,.495,.209,1.8,14.3,8.3,8.0,1.0,1.8,12.7,13.4,,-0.2,0.7,0.5,.031,,-3.6,-0.4,-4.0,-0.4,chrisma02
93,Sidy Cissoko,SF,19,SAS,5,32,5.4,.387,.667,.667,0.0,20.7,10.1,0.0,4.4,0.0,11.4,11.5,,-0.1,0.0,0.0,-0.014,,-9.3,0.4,-9.0,-0.1,cissosi01
94,Jordan Clarkson,SG,31,UTA,48,1454,12.5,.526,.385,.255,3.4,8.9,6.2,24.0,0.9,0.4,14.2,26.2,,0.2,0.3,0.4,.014,,-1.2,-3.2,-4.3,-0.9,clarkjo01
95,Nic Claxton,C,24,BRK,46,1356,19.2,.625,.010,.290,10.2,27.4,18.5,9.6,1.1,6.7,10.9,15.7,,2.3,2.0,4.3,.153,,0.0,1.4,1.4,1.2,claxtni01
96,Noah Clowney,PF,19,BRK,7,69,16.0,.703,.222,.333,9.1,11.3,10.2,12.4,0.0,1.3,12.7,14.7,,0.2,0.0,0.2,.147,,0.1,-2.1,-2.0,0.0,clownno01
97,Amir Coffey,SF,26,LAC,44,809,11.0,.677,.489,.264,2.5,7.8,5.2,5.9,1.3,0.7,8.3,11.7,,1.3,0.6,1.9,.113,,-1.2,-0.2,-1.3,0.1,coffeam01
98,John Collins,PF,26,UTA,54,1505,16.3,.604,.320,.219,9.1,23.7,16.5,6.2,1.0,2.7,10.5,19.7,,2.0,1.3,3.3,.105,,-0.2,-1.2,-1.5,0.2,collijo01
99,Zach Collins,C,26,SAS,46,1094,13.2,.555,.328,.253,7.8,17.2,12.4,18.6,1.0,2.5,16.2,21.7,,0.0,0.8,0.8,.036,,-2.5,-0.6,-3.1,-0.3,colliza01
100,Mike Conley,PG,36,MIN,52,1503,15.4,.619,.647,.156,1.7,9.1,5.6,29.7,1.8,0.7,11.3,14.7,,3.6,2.4,6.0,.191,,2.0,1.6,3.6,2.1,conlemi01
101,Pat Connaughton,SF,31,MIL,52,1108,9.7,.611,.700,.136,3.6,13.3,8.6,10.9,1.1,1.0,12.8,10.0,,1.1,0.8,2.0,.086,,-1.1,0.1,-1.0,0.3,connapa01
102,Bilal Coulibaly,SF,19,WAS,56,1494,8.7,.546,.413,.295,3.4,12.8,8.0,8.2,1.5,2.3,16.0,14.0,,-0.6,0.7,0.2,.006,,-3.8,-0.5,-4.4,-0.9,coulibi01
103,Ricky Council IV,SG,22,PHI,17,156,19.4,.594,.254,.762,7.7,15.7,11.7,5.6,0.6,0.0,2.3,23.5,,0.5,0.1,0.6,.178,,2.2,-2.1,0.1,0.1,councri01
104,Robert Covington,SF-PF,33,TOT,29,488,13.4,.580,.571,.265,7.0,15.0,11.0,6.1,3.9,3.3,9.1,10.5,,0.6,0.9,1.4,.142,,-1.1,3.2,2.1,0.5,covinro01
104,Robert Covington,PF,33,LAC,3,69,10.5,.455,.889,.222,3.4,9.5,6.6,12.0,4.3,2.6,0.0,6.2,,0.1,0.1,0.2,.127,,-2.4,4.4,2.0,0.1,covinro01
104,Robert Covington,SF,33,PHI,26,419,13.9,.593,.539,.270,7.6,15.9,11.7,5.2,3.8,3.4,9.9,11.3,,0.5,0.8,1.3,.144,,-0.8,3.0,2.1,0.4,covinro01
105,Torrey Craig,SF,33,CHI,33,694,11.4,.559,.593,.162,8.7,16.7,12.6,6.9,1.4,2.2,9.6,12.5,,0.7,0.7,1.4,.099,,-1.7,0.0,-1.7,0.1,craigto01
106,Jae Crowder,PF,33,MIL,27,678,8.4,.548,.653,.160,2.0,13.3,7.8,7.7,1.5,0.7,8.5,11.0,,0.3,0.6,0.9,.061,,-2.5,0.2,-2.3,0.0,crowdja01
107,Cade Cunningham,PG,22,DET,46,1557,15.9,.545,.282,.231,1.3,12.7,6.9,34.7,1.3,0.9,14.8,29.8,,0.3,0.6,0.8,.026,,1.0,-1.9,-1.0,0.4,cunnica01
108,Seth Curry,SG,33,TOT,41,557,9.5,.515,.541,.137,3.3,8.6,5.9,8.8,1.7,0.8,8.5,16.3,,0.0,0.4,0.4,.035,,-2.6,-0.6,-3.3,-0.2,curryse01
108,Seth Curry,SG,33,DAL,36,457,8.5,.502,.552,.131,3.6,8.9,6.2,8.5,1.8,0.6,9.4,15.8,,-0.1,0.3,0.3,.029,,-3.0,-0.9,-3.9,-0.2,curryse01
108,Seth Curry,SG,33,CHO,5,100,13.9,.566,.500,.158,2.1,7.0,4.5,10.6,1.5,1.8,4.7,18.6,,0.1,0.0,0.1,.063,,-0.9,0.7,-0.2,0.0,curryse01
109,Stephen Curry,PG,35,GSW,53,1769,21.1,.631,.605,.255,1.5,12.1,6.8,24.4,1.2,1.0,12.1,31.3,,4.1,1.3,5.5,.149,,6.6,-1.1,5.5,3.3,curryst01
110,Dyson Daniels,PG,20,NOP,52,1139,11.4,.518,.430,.195,5.0,13.6,9.3,15.0,3.1,1.8,15.8,12.4,,0.4,1.8,2.2,.092,,-2.2,2.5,0.3,0.7,daniedy01
111,Anthony Davis,C,30,LAL,55,1962,25.6,.620,.074,.396,9.9,27.4,19.0,16.3,1.5,5.9,9.3,26.8,,5.0,3.3,8.3,.203,,3.4,1.6,5.0,3.5,davisan02
112,Johnny Davis,SG,21,WAS,26,234,4.4,.385,.162,.122,4.9,10.3,7.5,4.9,1.8,0.7,8.2,15.2,,-0.5,0.1,-0.4,-0.074,,-7.4,-2.2,-9.6,-0.5,davisjo06
113,JD Davison,SG,21,BOS,2,6,15.2,.532,1.000,2.000,18.7,16.9,17.8,0.0,0.0,0.0,0.0,13.6,,0.0,0.0,0.0,.204,,-0.6,-1.6,-2.2,0.0,davisjd01
114,Dexter Dennis,SG,24,DAL,4,30,18.2,.541,.421,.158,3.6,29.4,16.4,23.8,0.0,2.9,12.9,33.2,,0.0,0.0,0.0,-0.002,,1.8,-0.2,1.6,0.0,dennide01
115,DeMar DeRozan,SF,34,CHI,55,2072,18.6,.574,.169,.434,1.7,10.7,6.1,21.5,1.5,1.6,7.2,24.7,,4.4,1.7,6.1,.141,,1.5,-0.2,1.3,1.7,derozde01
116,Moussa Diabaté,C,22,LAC,10,58,23.6,.580,.000,.667,28.3,11.3,19.5,9.4,3.4,0.0,7.9,19.0,,0.2,0.1,0.3,.247,,4.1,-1.1,3.0,0.1,diabamo01
117,Mamadi Diakite,PF,27,SAS,3,16,30.2,.785,.000,1.200,6.6,13.8,10.1,20.1,0.0,5.3,0.0,20.0,,0.1,0.0,0.1,.336,,7.8,3.5,11.3,0.1,diakima01
118,Hamidou Diallo,SG,25,WAS,2,5,32.9,.500,.000,.000,41.4,0.0,21.3,28.6,18.6,0.0,33.3,25.1,,0.0,0.0,0.0,.195,,2.5,16.0,18.4,0.0,diallha01
119,Gradey Dick,SG,20,TOR,36,558,9.4,.558,.596,.140,2.9,9.5,6.1,9.5,1.6,0.0,10.4,16.2,,0.2,0.3,0.5,.041,,-3.0,-1.1,-4.1,-0.3,dickgr01
120,Ousmane Dieng,PF,20,OKC,29,326,10.1,.555,.634,.158,3.6,12.7,8.4,12.0,0.7,0.8,12.9,16.5,,0.1,0.3,0.4,.063,,-1.7,-1.1,-2.9,-0.1,diengou01
121,Spencer Dinwiddie,PG,30,TOT,53,1599,12.5,.524,.559,.307,1.7,9.4,5.4,26.0,1.3,0.6,10.1,17.9,,1.7,0.8,2.6,.077,,-1.0,-0.8,-1.8,0.1,dinwisp01
121,Spencer Dinwiddie,PG,30,BRK,48,1474,13.3,.530,.557,.321,1.8,10.0,5.8,26.8,1.3,0.5,9.8,18.4,,1.9,0.8,2.7,.086,,-0.5,-0.8,-1.3,0.3,dinwisp01
121,Spencer Dinwiddie,PG,30,LAL,5,125,3.8,.402,.586,.069,0.0,2.5,1.3,16.5,1.5,0.7,14.3,12.0,,-0.1,0.1,-0.1,-0.027,,-7.1,-0.9,-8.0,-0.2,dinwisp01
122,Donte DiVincenzo,SG,27,NYK,56,1414,16.7,.609,.693,.117,3.3,11.3,7.3,14.3,2.3,1.4,9.4,20.9,,2.6,1.8,4.4,.149,,2.9,1.1,4.0,2.1,divindo01
123,Luka Dončić,PG,24,DAL,49,1832,28.4,.622,.437,.398,2.1,23.7,12.9,43.4,1.9,1.5,12.4,35.9,,6.1,2.3,8.4,.220,,8.3,1.6,9.9,5.5,doncilu01
124,Luguentz Dort,SF,24,OKC,55,1566,11.3,.600,.591,.230,4.4,10.1,7.4,5.9,1.5,2.3,9.0,15.1,,1.5,1.8,3.4,.103,,-1.3,-0.1,-1.4,0.3,dortlu01
125,Ayo Dosunmu,SG,24,CHI,55,1429,12.9,.608,.422,.140,2.8,8.7,5.6,13.8,1.6,1.8,11.5,16.3,,1.6,1.2,2.7,.092,,-0.9,0.0,-0.9,0.4,dosunay01
126,Andre Drummond,C,30,CHI,57,951,23.2,.568,.009,.444,21.8,36.2,28.9,4.6,3.1,3.9,12.9,21.5,,1.4,2.1,3.4,.174,,0.6,-0.3,0.4,0.6,drumman01
127,Chris Duarte,SF,26,SAC,39,508,7.0,.500,.570,.200,3.5,12.7,8.0,8.0,1.9,0.4,12.0,14.0,,-0.1,0.4,0.3,.028,,-4.8,0.1,-4.7,-0.3,duartch01
128,Kris Dunn,PG,29,UTA,50,909,14.0,.568,.349,.108,4.5,12.7,8.7,29.4,2.8,2.1,20.8,14.0,,1.0,0.9,1.9,.098,,-0.8,1.8,1.0,0.7,dunnkr01
129,Kevin Durant,PF,35,PHO,51,1892,22.7,.638,.274,.331,1.7,17.8,10.2,25.0,1.2,3.1,12.9,29.3,,4.3,2.1,6.5,.165,,5.0,0.2,5.2,3.4,duranke01
130,Jalen Duren,C,20,DET,41,1235,18.7,.656,.008,.253,12.0,33.2,22.3,12.4,0.7,2.4,15.4,17.7,,2.2,1.0,3.3,.126,,0.1,-0.1,0.0,0.6,durenja01
131,Tari Eason,PF,22,HOU,22,480,17.1,.528,.265,.175,10.3,23.9,17.1,8.4,3.1,3.7,8.9,19.8,,0.2,1.0,1.3,.125,,-0.7,2.1,1.4,0.4,easonta01
132,Anthony Edwards,SG,22,MIN,54,1894,19.8,.587,.343,.336,1.9,14.6,8.7,24.9,1.7,1.3,12.5,32.1,,2.2,3.4,5.5,.140,,3.1,0.7,3.8,2.8,edwaran01
133,Kessler Edwards,SF,23,SAC,38,179,9.7,.540,.647,.078,3.1,14.8,8.8,6.4,1.1,2.0,1.9,12.8,,0.1,0.1,0.3,.079,,-1.6,-0.5,-2.2,0.0,edwarke02
134,Keon Ellis,SG,24,SAC,33,379,9.7,.585,.811,.189,2.6,9.7,6.1,12.4,1.8,3.1,14.8,12.9,,0.2,0.4,0.6,.075,,-1.9,0.9,-0.9,0.1,elliske01
135,Joel Embiid,C,29,PHI,34,1157,34.3,.645,.149,.534,8.4,28.3,18.3,31.5,1.6,4.6,11.9,39.0,,4.8,2.0,6.8,.281,,8.8,3.1,11.9,4.1,embiijo01
136,Drew Eubanks,C,26,PHO,52,826,14.9,.662,.016,.387,10.1,19.4,15.0,7.8,1.2,4.8,18.4,13.9,,1.1,1.1,2.2,.126,,-2.0,0.7,-1.3,0.2,eubandr01
137,Tosan Evbuomwan,SF,22,TOT,5,82,8.0,.441,.529,.000,10.3,11.1,10.7,9.7,0.6,1.1,5.6,9.4,,0.0,0.1,0.1,.046,,-3.2,-1.3,-4.5,0.0,evbuoto01
137,Tosan Evbuomwan,SF,22,MEM,4,74,5.7,.333,.533,.000,11.5,9.2,10.4,10.8,0.0,1.2,6.3,9.3,,0.0,0.0,0.0,.020,,-4.2,-2.2,-6.4,-0.1,evbuoto01
137,Tosan Evbuomwan,SF,22,DET,1,8,30.0,1.250,.500,.000,0.0,28.8,14.0,0.0,6.0,0.0,0.0,10.5,,0.0,0.0,0.0,.283,,6.1,7.6,13.7,0.0,evbuoto01
138,Dante Exum,PG,28,DAL,32,631,16.6,.663,.320,.217,3.1,12.4,7.7,20.3,1.4,0.7,10.8,16.9,,1.5,0.5,2.0,.153,,1.1,-0.3,0.8,0.4,exumda01
139,Bruno Fernando,C,25,ATL,20,191,16.9,.564,.047,.594,10.8,24.0,17.2,8.0,1.5,4.6,10.0,19.3,,0.2,0.2,0.4,.107,,-1.9,-0.1,-2.1,0.0,fernabr01
140,Dorian Finney-Smith,PF,30,BRK,47,1310,9.8,.542,.674,.077,6.1,12.1,9.0,6.5,1.3,1.9,9.2,13.5,,0.6,0.9,1.5,.056,,-1.9,-0.4,-2.3,-0.1,finnedo01
141,Adam Flagler,SG,24,OKC,1,6,-13.6,.000,1.000,.000,0.0,0.0,0.0,18.0,0.0,0.0,0.0,21.7,,-0.1,0.0,-0.1,-0.451,,-18.0,-8.9,-26.9,0.0,flaglad01
142,Malachi Flynn,PG,25,TOT,49,572,10.1,.528,.560,.200,2.5,12.2,7.2,19.5,1.9,0.9,17.0,17.1,,-0.1,0.4,0.4,.032,,-3.0,0.1,-2.9,-0.1,flynnma01
142,Malachi Flynn,PG,25,TOR,31,474,10.0,.535,.584,.161,3.0,12.3,7.6,20.0,1.8,1.1,18.4,16.2,,0.0,0.4,0.3,.033,,-2.9,0.2,-2.7,-0.1,flynnma01
142,Malachi Flynn,PG,25,NYK,14,60,12.4,.557,.565,.478,0.0,11.2,5.6,14.0,0.8,0.0,9.7,22.0,,0.1,0.0,0.1,.092,,-1.7,-0.9,-2.6,0.0,flynnma01
142,Malachi Flynn,PG,25,DET,4,38,6.9,.409,.333,.133,0.0,12.1,5.9,21.2,3.8,0.0,15.9,20.9,,-0.1,0.0,-0.1,-0.076,,-6.6,0.2,-6.4,0.0,flynnma01
143,Simone Fontecchio,SF,28,TOT,55,1303,11.4,.589,.624,.106,4.7,11.5,8.2,8.8,1.3,1.2,10.7,15.8,,1.1,0.6,1.7,.061,,-0.3,-1.0,-1.3,0.2,fontesi01
143,Simone Fontecchio,SF,28,UTA,50,1160,11.0,.592,.651,.112,5.0,11.6,8.3,8.5,1.2,1.4,12.0,15.2,,0.9,0.5,1.4,.059,,-0.5,-1.1,-1.6,0.1,fontesi01
143,Simone Fontecchio,SF,28,DET,5,143,14.8,.573,.477,.077,3.1,11.3,7.1,11.6,1.3,0.0,2.9,20.4,,0.2,0.0,0.2,.078,,1.3,-0.5,0.8,0.1,fontesi01
144,Jordan Ford,PG,25,SAC,6,22,16.5,.761,.429,.286,0.0,10.5,5.1,12.5,0.0,0.0,11.3,17.2,,0.1,0.0,0.1,.149,,3.2,-1.3,1.9,0.0,fordjo01
145,Trent Forrest,SG,25,ATL,20,210,6.9,.389,.149,.213,2.5,11.2,6.7,24.1,1.6,0.4,17.6,12.2,,-0.1,0.1,0.0,-0.007,,-4.9,-0.3,-5.2,-0.2,forretr01
146,Evan Fournier,SG,31,TOT,7,125,10.6,.518,.654,.173,1.7,15.5,8.5,6.6,3.1,0.7,11.1,21.3,,-0.1,0.1,0.0,.007,,-3.5,0.4,-3.1,0.0,fournev01
146,Evan Fournier,SG,31,NYK,3,39,2.2,.287,.750,.100,0.0,11.5,5.7,10.1,5.1,0.0,4.6,24.0,,-0.2,0.1,-0.1,-0.107,,-12.0,0.3,-11.6,-0.1,fournev01
146,Evan Fournier,SG,31,DET,4,86,14.4,.656,.594,.219,2.5,17.4,9.8,5.0,2.2,1.0,14.6,20.1,,0.0,0.1,0.1,.058,,0.4,0.4,0.8,0.1,fournev01
147,De'Aaron Fox,PG,26,SAC,50,1779,20.1,.571,.373,.317,2.8,10.6,6.6,24.7,2.6,1.0,9.9,31.2,,2.3,1.8,4.1,.112,,2.5,-0.5,2.0,1.8,foxde01
148,Javon Freeman-Liberty,PG,24,TOR,2,4,8.0,.333,.000,.000,27.0,0.0,13.8,0.0,0.0,0.0,0.0,32.1,,0.0,0.0,0.0,-0.153,,-8.1,-9.5,-17.6,0.0,freemja01
149,Alex Fudge,SF,20,LAL,4,14,-2.0,.291,.333,.333,16.6,0.0,7.9,0.0,0.0,0.0,12.7,24.3,,-0.1,0.0,-0.1,-0.227,,-10.0,-8.1,-18.2,-0.1,fudgeal01
150,Markelle Fultz,PG,25,ORL,22,516,13.5,.492,.046,.103,7.1,10.5,8.8,22.3,2.7,1.4,12.1,17.3,,0.2,0.7,0.9,.084,,-1.7,2.1,0.4,0.3,fultzma01
151,Daniel Gafford,C-PF,25,TOT,50,1293,20.2,.700,.000,.404,12.0,21.8,16.8,7.9,1.7,6.7,11.5,14.3,,3.3,1.5,4.8,.178,,-0.2,1.1,0.9,0.9,gaffoda01
151,Daniel Gafford,C,25,WAS,45,1192,19.7,.707,.000,.405,11.4,21.1,16.1,7.9,1.7,6.6,11.7,13.8,,3.0,1.3,4.3,.173,,-0.4,1.1,0.7,0.8,gaffoda01
151,Daniel Gafford,PF,25,DAL,5,101,25.5,.639,.000,.395,19.4,30.5,24.9,7.4,0.9,7.8,10.1,21.0,,0.3,0.2,0.5,.233,,1.6,1.1,2.6,0.1,gaffoda01
152,Danilo Gallinari,PF-SF,35,TOT,34,489,14.7,.609,.494,.513,3.2,17.1,10.0,12.4,0.9,0.8,6.8,17.6,,0.9,0.2,1.1,.109,,0.1,-1.2,-1.2,0.1,gallida01
152,Danilo Gallinari,PF,35,WAS,26,385,13.3,.581,.489,.427,3.2,18.2,10.5,10.7,0.7,0.6,7.2,18.2,,0.5,0.1,0.6,.075,,-0.9,-1.8,-2.8,-0.1,gallida01
152,Danilo Gallinari,SF,35,DET,6,90,23.1,.799,.545,1.091,2.4,15.3,8.7,17.9,1.1,1.8,3.0,15.7,,0.5,0.0,0.5,.293,,5.9,1.0,6.9,0.2,gallida01
152,Danilo Gallinari,SF,35,MIL,2,14,-1.1,.000,.333,.000,8.0,0.0,3.9,23.5,3.4,0.0,25.0,12.2,,-0.1,0.0,0.0,-0.144,,-9.7,0.1,-9.6,0.0,gallida01
153,Darius Garland,PG,24,CLE,32,1031,15.4,.577,.365,.265,1.5,6.4,4.0,28.4,2.1,0.3,17.1,25.7,,0.5,1.4,1.9,.087,,0.4,-0.7,-0.2,0.5,garlada01
154,Usman Garuba,PF,21,GSW,3,8,6.1,.000,.000,.000,13.6,0.0,6.8,14.0,6.0,0.0,0.0,5.2,,0.0,0.0,0.0,.069,,-6.5,3.5,-3.0,0.0,garubus01
155,Luka Garza,C,25,MIN,14,40,17.9,.545,.360,.480,18.3,13.4,15.7,8.6,0.0,0.0,6.2,35.5,,0.1,0.1,0.1,.135,,-2.3,-3.8,-6.2,0.0,garzalu01
156,Kaiser Gates,SF,27,NOP,1,7,-19.6,.000,.500,.000,0.0,15.8,7.9,0.0,0.0,0.0,0.0,24.5,,-0.1,0.0,-0.1,-0.544,,-18.6,-10.0,-28.6,-0.1,gateska01
157,Keyonte George,PG,20,UTA,52,1308,11.0,.535,.561,.284,1.2,11.0,6.1,23.6,1.0,0.3,15.9,21.3,,0.3,0.4,0.6,.023,,-1.2,-2.2,-3.4,-0.4,georgke01
158,Paul George,PF,33,LAC,52,1758,18.2,.592,.481,.214,1.9,15.5,9.0,16.4,2.3,1.0,9.8,26.7,,2.5,2.2,4.6,.127,,1.9,0.2,2.2,1.8,georgpa01
159,Taj Gibson,PF,38,NYK,16,165,3.2,.335,.261,.087,6.8,12.2,9.5,6.6,0.6,3.4,17.3,7.5,,-0.1,0.2,0.1,.019,,-7.0,0.0,-7.0,-0.2,gibsota01
160,Josh Giddey,SG,21,OKC,56,1388,15.0,.520,.283,.143,6.5,20.5,13.9,24.1,1.3,2.1,15.4,22.5,,0.2,2.0,2.3,.078,,0.1,0.3,0.3,0.8,giddejo01
161,Harry Giles,C,25,BRK,16,81,18.2,.543,.250,.295,15.5,19.3,17.3,12.6,0.6,3.3,10.8,29.5,,0.0,0.1,0.1,.063,,-1.1,-1.7,-2.8,0.0,gilesha01
162,Shai Gilgeous-Alexander,PG,25,OKC,56,1932,30.7,.650,.167,.449,2.9,14.4,8.9,31.4,3.0,2.4,8.3,32.9,,8.8,3.3,12.1,.301,,7.4,2.7,10.1,5.9,gilgesh01
163,Anthony Gill,PF,31,WAS,31,173,11.7,.544,.260,.400,8.4,15.8,12.0,10.6,1.9,2.8,20.3,17.8,,-0.1,0.1,0.0,.010,,-3.3,-1.1,-4.5,-0.1,gillan01
164,Collin Gillespie,PG,24,DEN,19,161,11.3,.639,.533,.178,0.7,7.4,4.1,12.9,3.1,0.0,17.1,15.8,,0.1,0.2,0.3,.084,,-3.6,1.2,-2.4,0.0,gilleco01
165,Jacob Gilyard,PG,25,MEM,37,654,11.5,.597,.833,.014,1.3,6.1,3.6,28.1,2.0,0.7,16.7,11.5,,0.8,0.6,1.4,.104,,-1.5,0.3,-1.2,0.1,gilyaja01
166,Rudy Gobert,C,31,MIN,55,1840,18.9,.667,.005,.642,13.2,28.9,21.5,5.2,0.9,5.4,12.8,15.5,,3.9,4.3,8.2,.214,,0.0,1.7,1.7,1.7,goberru01
167,Jordan Goodwin,PG,25,TOT,42,611,12.5,.481,.399,.155,8.4,14.8,11.8,18.6,2.1,1.4,12.0,18.3,,0.1,0.7,0.9,.067,,-1.5,0.3,-1.1,0.1,goodwjo01
167,Jordan Goodwin,PG,25,PHO,40,558,12.4,.481,.415,.150,8.7,14.8,11.9,18.7,2.0,1.4,12.4,18.2,,0.2,0.6,0.8,.068,,-1.3,0.3,-1.0,0.1,goodwjo01
167,Jordan Goodwin,PG,25,MEM,2,53,13.6,.483,.250,.200,6.0,15.0,10.4,17.8,2.8,1.7,8.4,19.3,,0.0,0.1,0.1,.053,,-2.9,0.3,-2.6,0.0,goodwjo01
168,Aaron Gordon,PF,28,DEN,52,1637,16.3,.600,.190,.371,8.6,14.1,11.4,13.5,1.3,1.9,11.3,17.9,,2.7,1.8,4.5,.132,,0.7,-0.1,0.6,1.1,gordoaa01
169,Eric Gordon,SG,35,PHO,49,1460,11.5,.597,.637,.111,1.2,6.5,4.0,10.2,1.6,1.5,10.8,17.0,,1.0,1.1,2.0,.067,,-0.7,-0.8,-1.5,0.2,gordoer01
170,Devonte' Graham,PG,28,SAS,12,99,13.0,.522,.733,.267,2.1,15.6,8.7,25.2,1.4,0.9,8.2,15.5,,0.1,0.1,0.2,.086,,-1.2,-0.2,-1.4,0.0,grahade01
171,Jerami Grant,PF,29,POR,49,1666,15.7,.573,.321,.369,2.3,10.3,6.0,13.6,1.1,1.8,10.0,26.2,,1.5,0.9,2.4,.069,,1.1,-1.2,-0.2,0.8,grantje01
172,A.J. Green,SG,24,MIL,37,339,12.2,.633,.877,.066,2.0,10.0,6.1,8.2,0.4,0.5,3.1,16.3,,0.6,0.2,0.8,.112,,1.1,-2.1,-1.0,0.1,greenaj01
173,Danny Green,SG,36,PHI,2,18,0.7,.000,.500,.000,0.0,12.3,6.1,6.3,2.7,0.0,0.0,4.7,,0.0,0.0,0.0,-0.037,,-7.4,0.7,-6.7,0.0,greenda02
174,Draymond Green,PF,33,GSW,32,850,14.9,.609,.357,.203,5.1,22.5,13.9,29.2,1.5,3.1,24.0,16.0,,1.0,1.1,2.1,.118,,0.1,2.9,3.0,1.1,greendr01
175,Jalen Green,SG,21,HOU,57,1729,13.2,.523,.434,.288,1.5,15.6,8.5,17.0,1.1,1.1,11.4,26.8,,-0.7,2.0,1.3,.036,,-0.8,-0.8,-1.6,0.2,greenja05
176,Jeff Green,PF,37,HOU,55,921,10.6,.603,.358,.504,3.8,10.2,7.0,7.0,0.5,2.3,12.1,14.9,,0.9,0.9,1.7,.091,,-2.4,-0.2,-2.6,-0.1,greenje02
177,Josh Green,SG,23,DAL,44,1206,10.7,.614,.510,.163,2.6,10.6,6.6,12.2,1.4,0.5,13.0,13.3,,1.2,0.8,2.0,.080,,-1.7,-0.4,-2.1,0.0,greenjo02
178,AJ Griffin,SF,20,ATL,18,132,1.8,.403,.733,.044,1.6,10.2,5.7,3.8,0.4,0.7,11.6,16.1,,-0.3,0.0,-0.3,-0.099,,-5.5,-3.3,-8.8,-0.2,griffaj01
179,Quentin Grimes,SG,23,TOT,46,936,9.4,.537,.738,.116,1.7,9.1,5.4,8.0,1.7,0.4,6.6,15.1,,0.6,0.9,1.5,.077,,-2.1,0.5,-1.7,0.1,grimequ01
179,Quentin Grimes,SG,23,NYK,45,910,9.4,.543,.741,.119,1.7,9.1,5.4,7.7,1.6,0.3,6.5,15.1,,0.7,0.9,1.5,.081,,-2.0,0.5,-1.6,0.1,grimequ01
179,Quentin Grimes,SG,23,DET,1,26,6.6,.313,.625,.000,0.0,8.8,4.3,19.2,3.7,3.2,11.1,14.6,,-0.1,0.0,0.0,-0.052,,-5.2,0.6,-4.6,0.0,grimequ01
180,Mouhamadou Gueye,PF,25,TOR,1,6,23.6,.333,.000,.000,36.0,18.7,27.5,0.0,0.0,29.1,0.0,21.4,,0.0,0.0,0.0,.115,,-0.5,1.6,1.1,0.0,gueyemo01
181,Mouhamed Gueye,PF,21,ATL,2,4,-0.6,.000,1.000,.000,0.0,0.0,0.0,0.0,11.8,0.0,0.0,10.2,,0.0,0.0,0.0,-0.112,,-12.7,3.6,-9.0,0.0,gueyemo02
182,Rui Hachimura,PF,25,LAL,45,1108,14.1,.611,.349,.237,3.7,13.0,8.6,6.0,1.3,1.2,6.7,18.5,,1.2,1.0,2.1,.091,,-0.9,-0.9,-1.8,0.0,hachiru01
183,Ashton Hagans,PG,24,POR,6,73,4.5,.426,.235,.235,4.4,8.2,6.2,15.4,0.7,1.2,17.6,13.3,,-0.1,0.0,-0.1,-0.036,,-7.4,-1.1,-8.5,-0.1,haganas01
184,Tyrese Haliburton,PG,23,IND,45,1441,25.3,.626,.497,.220,2.1,11.7,6.9,49.7,1.6,1.7,12.1,25.8,,5.9,0.8,6.6,.221,,8.7,-0.5,8.2,3.7,halibty01
185,R.J. Hampton,PG,22,MIA,8,76,0.8,.336,.571,.143,2.9,6.0,4.5,13.6,0.0,0.0,16.8,10.4,,-0.1,0.0,-0.1,-0.041,,-8.2,-1.4,-9.6,-0.1,hamptrj01
186,Tim Hardaway Jr.,SF,31,DAL,54,1600,12.8,.557,.606,.183,1.2,12.2,6.6,8.2,0.9,0.2,6.3,23.6,,0.8,0.9,1.7,.052,,-0.1,-2.5,-2.6,-0.2,hardati02
187,James Harden,PG,34,LAC,51,1765,19.2,.638,.592,.447,1.5,14.9,8.4,32.0,1.6,2.3,16.0,20.4,,4.7,2.0,6.7,.181,,4.2,0.7,4.8,3.1,hardeja01
188,Jaden Hardy,SG,21,DAL,52,792,11.6,.519,.499,.140,2.1,12.0,7.0,15.4,1.0,0.4,8.8,23.8,,-0.1,0.5,0.4,.024,,-1.2,-2.2,-3.4,-0.3,hardyja02
189,Ron Harper Jr.,PF,23,TOR,1,4,0.0,,,,0.0,0.0,0.0,28.2,0.0,0.0,,0.0,,0.0,0.0,0.0,.096,,-11.8,3.0,-8.7,0.0,harpero02
190,Gary Harris,SG,29,ORL,35,797,10.1,.585,.679,.181,2.6,5.7,4.1,10.4,1.9,1.2,8.4,12.3,,0.8,0.9,1.7,.104,,-1.9,1.0,-0.9,0.2,harriga01
191,Joe Harris,SG,32,DET,16,170,4.6,.489,.769,.051,1.9,6.8,4.3,7.4,0.8,1.0,9.1,10.9,,0.0,0.0,0.0,-0.004,,-4.8,-1.2,-5.9,-0.2,harrijo01
192,Kevon Harris,SG,26,ORL,2,6,11.0,.667,.000,.000,0.0,39.1,19.3,32.8,0.0,0.0,25.0,28.8,,0.0,0.0,0.0,.032,,-15.6,-0.3,-15.9,0.0,harrike01
193,Tobias Harris,PF,31,PHI,51,1722,16.7,.590,.253,.250,3.4,16.5,9.9,14.3,1.5,1.5,8.7,20.3,,2.6,1.8,4.5,.125,,1.1,-0.2,0.9,1.3,harrito02
194,Shaquille Harrison,SG,30,MEM,3,6,15.7,.500,.000,.000,0.0,38.0,18.3,0.0,0.0,15.4,0.0,14.4,,0.0,0.0,0.0,.089,,-0.7,5.4,4.6,0.0,harrish01
195,Josh Hart,SF,28,NYK,56,1699,10.7,.524,.417,.150,4.8,21.7,13.2,14.1,1.3,0.8,14.7,12.8,,0.9,2.1,3.0,.086,,-1.8,1.2,-0.6,0.6,hartjo01
196,Isaiah Hartenstein,C,25,NYK,52,1315,17.3,.654,.013,.444,15.0,22.7,18.8,10.6,2.2,4.0,18.0,11.0,,2.7,2.4,5.1,.186,,-0.1,2.3,2.2,1.4,harteis01
197,Sam Hauser,SF,26,BOS,56,1187,11.9,.639,.861,.049,3.3,12.8,8.3,5.8,0.9,1.0,6.9,13.8,,1.7,1.4,3.1,.127,,0.8,0.0,0.8,0.9,hausesa01
198,Jordan Hawkins,SG,21,NOP,51,1024,10.8,.548,.658,.183,2.9,11.5,7.3,8.4,0.8,0.5,7.7,20.1,,0.5,0.9,1.4,.064,,-0.8,-1.7,-2.5,-0.1,hawkijo01
199,Jaxson Hayes,C,23,LAL,48,539,13.5,.689,.064,.427,8.4,14.8,11.7,5.4,2.1,3.1,14.4,12.2,,0.8,0.7,1.5,.130,,-3.3,1.2,-2.0,0.0,hayesja02
200,Killian Hayes,PG,22,DET,42,1008,10.4,.474,.261,.177,1.2,12.3,6.6,26.7,1.7,1.6,14.3,14.9,,0.0,0.5,0.6,.026,,-2.9,0.2,-2.7,-0.2,hayeski01
201,Gordon Hayward,SF,33,TOT,28,838,13.7,.535,.197,.269,3.6,14.2,8.7,21.1,1.6,1.3,13.1,20.6,,0.2,0.5,0.7,.040,,-1.5,-0.7,-2.2,0.0,haywago01
201,Gordon Hayward,SF,33,CHO,25,798,14.0,.544,.205,.273,3.3,13.4,8.2,21.7,1.7,1.4,13.3,20.9,,0.2,0.5,0.7,.043,,-1.3,-0.6,-1.9,0.0,haywago01
201,Gordon Hayward,SF,33,OKC,3,40,5.9,.311,.000,.167,8.8,29.3,19.5,8.8,0.0,0.0,7.2,15.1,,-0.1,0.1,0.0,-0.022,,-5.9,-2.6,-8.5,-0.1,haywago01
202,Scoot Henderson,PG,19,POR,43,1160,8.9,.484,.332,.292,3.5,9.2,6.2,27.0,1.0,0.8,18.2,25.6,,-1.7,0.5,-1.2,-0.049,,-3.9,-2.5,-6.4,-1.3,hendesc01
203,Taylor Hendricks,PF,20,UTA,19,302,9.5,.521,.609,.098,7.7,14.3,11.0,3.9,1.7,2.9,13.5,15.2,,-0.1,0.2,0.2,.026,,-3.3,-1.3,-4.5,-0.2,hendrita01
204,Tyler Herro,SG,24,MIA,36,1209,15.2,.549,.452,.122,1.7,16.4,8.9,22.1,1.2,0.2,10.1,27.8,,0.0,1.4,1.4,.055,,1.3,-0.8,0.5,0.8,herroty01
205,Buddy Hield,SF-SG,31,TOT,59,1584,13.2,.590,.680,.060,2.7,11.1,6.9,14.7,1.5,1.6,11.1,18.9,,1.4,0.9,2.3,.070,,1.1,-0.7,0.4,1.0,hieldbu01
205,Buddy Hield,SF,31,IND,52,1336,12.9,.586,.691,.064,2.9,11.5,7.2,12.9,1.5,1.8,10.4,18.5,,1.1,0.7,1.8,.065,,1.0,-0.8,0.2,0.7,hieldbu01
205,Buddy Hield,SG,31,PHI,7,248,14.6,.612,.627,.039,1.8,9.4,5.6,24.2,1.6,0.4,14.1,20.8,,0.3,0.2,0.5,.100,,2.0,-0.4,1.6,0.2,hieldbu01
206,Haywood Highsmith,PF,27,MIA,41,867,9.7,.557,.593,.127,4.5,10.8,7.6,6.8,2.2,2.4,10.4,12.3,,0.3,1.2,1.6,.086,,-2.7,1.4,-1.3,0.2,highsha01
207,Nate Hinton,SG,24,HOU,11,58,19.1,.698,.550,.250,5.5,16.6,11.1,15.2,1.7,3.2,8.3,17.8,,0.2,0.1,0.3,.227,,3.3,2.1,5.4,0.1,hintona01
208,D'Moi Hodge,SG,25,LAL,7,41,6.1,.441,.800,.133,0.0,0.0,0.0,15.7,1.2,2.1,5.9,17.8,,0.0,0.0,0.0,-0.023,,-3.9,-2.6,-6.5,0.0,hodgedm01
209,Aaron Holiday,PG,27,HOU,54,942,11.4,.596,.538,.151,1.7,9.2,5.5,15.2,1.5,0.4,12.1,16.4,,0.8,1.0,1.8,.094,,-1.7,0.5,-1.2,0.2,holidaa01
210,Jrue Holiday,PG,33,BOS,52,1729,14.3,.593,.449,.126,4.4,13.5,9.2,19.3,1.2,1.9,14.4,16.7,,2.4,2.3,4.7,.131,,0.9,1.0,1.8,1.7,holidjr01
211,Justin Holiday,SG,34,DEN,35,498,8.8,.588,.704,.037,1.4,7.9,4.7,8.4,2.2,0.5,6.8,10.3,,0.4,0.5,0.9,.091,,-3.4,1.0,-2.4,0.0,holidju01
212,Richaun Holmes,C-PF,30,TOT,27,279,14.2,.590,.000,.320,13.6,21.3,17.4,7.7,0.7,3.1,14.1,15.2,,0.4,0.3,0.6,.110,,-2.2,-0.4,-2.7,0.0,holmeri01
212,Richaun Holmes,C,30,DAL,23,237,13.8,.572,.000,.356,15.2,20.9,18.0,8.4,0.6,3.3,15.0,14.4,,0.3,0.2,0.6,.113,,-2.3,-0.7,-3.0,-0.1,holmeri01
212,Richaun Holmes,PF,30,WAS,4,42,16.2,.664,.000,.188,4.9,23.4,13.9,3.6,1.1,1.9,10.4,19.2,,0.1,0.0,0.1,.095,,-1.8,0.9,-0.9,0.0,holmeri01
213,Chet Holmgren,C,21,OKC,57,1713,21.0,.644,.366,.264,6.2,21.6,14.2,12.6,1.1,8.1,11.3,21.6,,3.4,3.1,6.6,.184,,2.3,2.0,4.3,2.7,holmgch01
214,Jalen Hood-Schifino,SG,20,LAL,19,103,-0.5,.337,.317,.439,2.3,10.3,6.5,9.7,1.4,1.7,15.5,24.3,,-0.5,0.1,-0.4,-0.201,,-11.8,-3.1,-14.9,-0.3,hoodsja01
215,Al Horford,C,37,BOS,47,1273,14.1,.628,.635,.070,5.4,20.2,13.2,12.8,1.0,3.3,10.4,11.1,,2.3,2.1,4.3,.163,,1.2,2.3,3.5,1.8,horfoal01
216,Talen Horton-Tucker,PG,23,UTA,36,726,13.7,.512,.375,.236,2.6,10.6,6.6,27.9,2.3,1.3,12.9,23.9,,0.3,0.5,0.8,.051,,-0.7,-0.1,-0.7,0.2,hortota01
217,Danuel House Jr.,SF,30,PHI,34,509,8.4,.575,.476,.438,3.4,9.2,6.3,7.0,1.4,0.9,13.2,12.1,,0.3,0.4,0.7,.063,,-3.4,-0.6,-4.0,-0.3,houseda01
218,Caleb Houstan,SF,21,ORL,41,617,8.4,.585,.933,.135,4.1,8.2,6.1,5.3,0.8,0.1,7.5,13.1,,0.5,0.5,1.1,.082,,-1.2,-1.0,-2.2,-0.1,houstca01
219,Jett Howard,SF,20,ORL,13,49,7.8,.484,.773,.182,2.3,9.6,5.9,9.0,0.0,1.9,7.8,22.7,,0.0,0.0,0.0,-0.005,,-1.4,-2.4,-3.7,0.0,howarje01
220,Kevin Huerter,SG,25,SAC,54,1354,13.3,.586,.615,.088,2.6,14.0,8.2,14.1,1.3,1.4,7.6,17.4,,1.7,1.1,2.8,.098,,0.3,-0.4,-0.1,0.7,huertke01
221,Jay Huff,C,25,DEN,11,30,12.4,.643,.700,.200,3.8,21.8,13.0,4.5,1.7,0.0,8.4,17.2,,0.0,0.0,0.1,.137,,-3.1,-0.8,-3.9,0.0,huffja01
222,De'Andre Hunter,SF,26,ATL,33,935,13.7,.624,.440,.324,2.3,13.2,7.5,6.7,1.3,1.0,10.5,19.7,,1.3,0.3,1.6,.083,,-0.4,-1.1,-1.5,0.1,huntede01
223,Matthew Hurt,PF,23,MEM,3,56,8.0,.440,.556,.167,7.6,4.1,5.9,7.7,0.0,1.7,0.0,14.9,,0.0,0.0,0.0,.030,,-1.9,-1.7,-3.5,0.0,hurtma01
224,Bones Hyland,PG,23,LAC,19,251,7.2,.471,.533,.100,1.4,6.1,3.8,18.4,2.0,0.4,15.5,25.7,,-0.5,0.2,-0.3,-0.054,,-5.0,-1.9,-6.9,-0.3,hylanbo01
225,Joe Ingles,SF,36,ORL,44,765,11.1,.586,.686,.124,2.4,13.0,7.7,23.2,1.8,0.5,18.0,12.3,,0.8,0.9,1.7,.109,,-1.2,1.2,0.0,0.4,inglejo01
226,Brandon Ingram,SF,26,NOP,52,1739,18.1,.577,.241,.306,2.4,14.0,8.2,26.8,1.2,1.8,12.4,27.3,,2.2,1.9,4.2,.115,,1.5,-0.4,1.1,1.4,ingrabr01
227,Kyrie Irving,SG,31,DAL,35,1187,22.8,.602,.359,.190,2.4,14.5,8.4,25.8,1.8,1.2,7.0,28.8,,3.0,1.1,4.2,.168,,5.5,0.1,5.6,2.3,irvinky01
228,Jonathan Isaac,PF,26,ORL,40,590,17.8,.566,.353,.326,9.9,23.5,16.6,4.4,2.4,7.2,8.8,17.5,,0.6,1.3,1.9,.152,,0.0,2.1,2.1,0.6,isaacjo01
229,Jaden Ivey,SG,21,DET,52,1449,13.1,.553,.363,.327,5.0,9.8,7.3,19.3,1.2,1.7,15.1,24.3,,0.1,0.5,0.6,.021,,-1.0,-1.8,-2.8,-0.3,iveyja01
230,Andre Jackson Jr.,SG,22,MIL,46,498,8.9,.626,.460,.126,8.1,12.1,10.2,10.5,1.3,0.7,18.6,9.7,,0.6,0.4,1.0,.094,,-3.2,0.0,-3.2,-0.1,jacksan01
231,GG Jackson II,PF,19,MEM,24,471,15.3,.578,.512,.278,5.4,14.3,9.7,6.7,1.2,3.1,8.6,23.5,,0.2,0.5,0.7,.074,,0.4,-1.0,-0.6,0.2,jacksgg01
232,Isaiah Jackson,C,22,IND,45,613,20.6,.686,.021,.444,12.1,22.0,17.0,8.2,2.1,6.5,12.7,17.6,,1.6,0.8,2.4,.186,,-0.5,1.6,1.1,0.5,jacksis01
233,Jaren Jackson Jr.,C,24,MEM,52,1656,17.1,.560,.329,.352,3.8,15.1,9.3,12.3,1.6,4.4,10.6,30.3,,0.0,2.3,2.3,.066,,-0.2,0.4,0.3,0.9,jacksja02
234,Justin Jackson,SF,28,MIN,1,0,,,,,,,,,,,,,,0.0,0.0,0.0,,,-6.3,0.1,-6.2,0.0,jacksju01
235,Reggie Jackson,PG,33,DEN,58,1332,12.6,.539,.369,.122,2.0,7.8,4.9,23.7,1.2,0.6,11.8,21.3,,0.8,1.1,1.8,.066,,-1.2,-1.3,-2.6,-0.2,jacksre01
236,Trayce Jackson-Davis,PF,23,GSW,43,556,21.6,.681,.000,.431,14.1,19.7,16.9,10.8,1.1,5.8,11.9,17.7,,1.5,0.7,2.3,.196,,1.1,0.9,2.0,0.6,jackstr02
237,LeBron James,PF,39,LAL,51,1782,22.7,.613,.296,.301,2.9,19.1,11.4,35.8,1.7,1.5,13.6,29.1,,3.2,2.1,5.3,.143,,5.2,0.8,6.0,3.6,jamesle01
238,Jaime Jaquez Jr.,SF,22,MIA,50,1471,12.5,.572,.284,.244,4.8,10.4,7.5,13.2,1.8,0.7,12.9,19.3,,0.7,1.7,2.4,.078,,-2.5,0.0,-2.4,-0.2,jaqueja01
239,DaQuan Jeffries,SG,26,NYK,12,31,3.6,.396,.462,.154,0.0,18.1,9.0,9.2,0.0,0.0,6.7,20.5,,-0.1,0.0,0.0,-0.073,,-6.1,-2.2,-8.3,0.0,jeffrda01
240,Trey Jemison,C,24,TOT,9,141,10.3,.512,.000,.194,11.3,12.8,12.1,7.3,1.4,6.6,18.7,14.7,,-0.1,0.2,0.1,.049,,-7.0,0.4,-6.5,-0.2,jemistr01
240,Trey Jemison,C,24,WAS,2,1,-35.7,,,,0.0,100.0,53.1,0.0,0.0,0.0,100.0,41.8,,0.0,0.0,0.0,-1.192,,-30.4,-3.6,-34.0,0.0,jemistr01
240,Trey Jemison,C,24,MEM,7,140,10.6,.512,.000,.194,11.4,12.2,11.8,7.3,1.4,6.6,17.0,14.5,,0.0,0.2,0.2,.058,,-6.8,0.4,-6.4,-0.2,jemistr01
241,Ty Jerome,SG,26,CLE,2,15,7.6,.500,.250,.000,7.6,0.0,3.7,26.7,0.0,0.0,20.0,14.5,,0.0,0.0,0.0,.051,,-4.2,-0.6,-4.8,0.0,jeromty01
242,Isaiah Joe,SG,24,OKC,53,985,13.7,.642,.733,.118,2.4,11.2,7.0,8.2,1.7,1.3,8.4,16.7,,1.4,1.1,2.5,.122,,1.3,-0.1,1.3,0.8,joeis01
243,Cameron Johnson,PF,27,BRK,43,1199,14.4,.573,.558,.155,4.1,14.4,9.0,13.3,1.4,0.9,7.4,19.4,,1.4,0.9,2.3,.092,,1.0,-0.6,0.4,0.7,johnsca02
244,Jalen Johnson,SF,22,ATL,43,1470,16.0,.591,.278,.216,4.2,24.0,13.7,14.0,1.7,2.4,11.3,18.0,,1.8,1.2,3.0,.097,,0.2,0.8,0.9,1.1,johnsja05
245,James Johnson,PF,36,IND,5,24,11.6,.400,.200,.000,4.8,14.4,9.6,23.3,7.8,0.0,28.6,12.2,,0.0,0.0,0.0,.054,,-5.1,4.6,-0.5,0.0,johnsja01
246,Keldon Johnson,SF,24,SAS,54,1591,14.1,.555,.393,.260,4.8,15.6,10.1,15.0,1.3,1.0,9.6,22.4,,0.8,1.0,1.8,.054,,-0.7,-1.5,-2.2,-0.1,johnske04
247,Keon Johnson,SG,21,BRK,3,47,15.4,.615,.500,.500,4.4,4.8,4.6,8.7,3.1,1.9,13.3,20.5,,0.1,0.0,0.1,.113,,0.4,-0.3,0.2,0.0,johnske07
248,Keyontae Johnson,SF,23,OKC,8,64,-0.2,.321,.214,.000,5.5,10.0,7.8,7.2,0.0,0.0,22.2,12.2,,-0.2,0.0,-0.1,-0.087,,-8.4,-2.9,-11.3,-0.2,johnske08
249,Nikola Jokić,C,28,DEN,56,1896,31.7,.651,.170,.315,9.8,30.0,20.1,45.1,1.8,2.3,12.7,29.5,,8.7,3.3,12.0,.303,,9.7,4.5,14.2,7.8,jokicni01
250,Colby Jones,SG,21,SAC,17,121,6.4,.384,.283,.109,9.1,14.3,11.7,10.8,1.6,0.7,9.4,18.7,,-0.2,0.1,-0.1,-0.038,,-6.4,-1.3,-7.7,-0.2,jonesco02
251,Damian Jones,C,28,CLE,25,150,12.9,.624,.219,.344,6.8,17.4,12.2,10.4,1.0,5.9,19.6,13.3,,0.1,0.3,0.4,.128,,-3.2,2.8,-0.5,0.1,jonesda03
252,Derrick Jones Jr.,SF,26,DAL,52,1298,11.8,.597,.499,.253,5.0,10.9,7.9,5.3,1.5,2.5,10.6,14.8,,1.1,1.1,2.2,.080,,-1.2,-0.5,-1.6,0.1,jonesde02
253,Herbert Jones,SF,25,NOP,53,1547,14.0,.639,.447,.253,4.4,9.8,7.1,11.5,2.1,2.7,12.1,14.9,,2.4,2.0,4.4,.136,,-0.4,1.2,0.9,1.1,joneshe01
254,Tre Jones,PG,24,SAS,53,1387,14.6,.586,.303,.206,2.8,10.5,6.5,30.8,1.8,0.4,14.6,15.5,,2.1,0.7,2.8,.097,,-0.8,-0.5,-1.3,0.2,jonestr01
255,Tyus Jones,PG,27,WAS,57,1654,16.6,.583,.365,.061,1.1,9.1,5.0,33.4,1.8,0.8,8.2,16.6,,3.2,0.6,3.8,.110,,1.5,-0.7,0.8,1.2,jonesty01
256,DeAndre Jordan,C,35,DEN,29,327,16.0,.605,.000,.645,16.6,28.0,22.4,8.0,0.8,3.4,16.3,15.5,,0.4,0.5,0.9,.139,,-1.9,-0.4,-2.3,0.0,jordade01
257,Cory Joseph,PG,32,GSW,26,296,6.1,.470,.656,.109,2.2,8.7,5.5,17.4,0.7,0.9,15.2,11.2,,0.0,0.2,0.2,.030,,-4.0,-0.7,-4.7,-0.2,josepco01
258,Nikola Jović,PF,20,MIA,23,385,11.2,.556,.509,.218,4.9,23.2,13.9,16.3,0.9,2.0,15.4,16.4,,0.1,0.5,0.6,.080,,-2.2,1.4,-0.8,0.1,jovicni01
259,Johnny Juzang,SG,22,UTA,3,9,-14.7,.000,1.000,.000,0.0,0.0,0.0,12.6,0.0,0.0,0.0,18.4,,-0.1,0.0,-0.1,-0.389,,-18.8,-8.7,-27.5,-0.1,juzanjo01
260,Luke Kennard,SG,27,MEM,28,693,12.8,.631,.763,.138,1.4,11.8,6.4,18.1,0.9,0.1,11.2,16.7,,0.9,0.5,1.5,.101,,0.5,-0.6,-0.2,0.3,kennalu01
261,Walker Kessler,C,22,UTA,50,1159,18.2,.654,.067,.277,12.0,22.5,17.3,5.2,1.0,10.3,14.0,13.3,,1.7,1.6,3.3,.137,,-0.6,1.8,1.2,0.9,kesslwa01
262,Braxton Key,SF,26,DEN,17,55,13.0,.456,.250,.375,6.2,21.8,14.1,18.1,1.8,1.6,5.1,15.5,,0.0,0.1,0.1,.109,,-1.8,0.9,-0.8,0.0,keybr01
263,Corey Kispert,SF,24,WAS,55,1241,12.8,.616,.617,.198,1.4,10.4,5.8,10.2,0.9,0.5,10.0,20.3,,0.9,0.2,1.1,.041,,-0.2,-2.1,-2.3,-0.1,kispeco01
264,Maxi Kleber,C,32,DAL,21,461,8.9,.578,.576,.250,3.8,13.4,8.6,10.0,0.8,2.8,15.7,11.2,,0.2,0.4,0.6,.063,,-2.3,0.3,-2.0,0.0,klebima01
265,Kevin Knox,SF,24,DET,31,560,9.8,.570,.505,.118,3.5,11.7,7.5,5.7,1.1,1.0,10.1,16.4,,0.2,0.2,0.3,.028,,-2.8,-1.9,-4.7,-0.4,knoxke01
266,John Konchar,SF,27,MEM,45,876,11.7,.527,.562,.099,6.4,18.2,12.1,12.7,2.1,4.4,14.6,9.7,,0.4,1.4,1.8,.099,,-2.5,2.4,-0.1,0.4,konchjo01
267,Furkan Korkmaz,SG,26,PHI,35,300,9.1,.519,.526,.263,1.5,9.6,5.5,10.7,2.3,0.9,10.5,13.5,,0.0,0.3,0.3,.054,,-3.2,0.4,-2.7,-0.1,korkmfu01
268,Luke Kornet,C,28,BOS,41,605,19.2,.729,.000,.262,14.3,14.1,14.2,7.9,1.3,5.8,10.8,11.3,,1.9,1.0,3.0,.236,,1.2,2.1,3.3,0.8,kornelu01
269,Vit Krejci,PG,23,ATL,1,2,0.0,,,,0.0,0.0,0.0,0.0,0.0,0.0,,0.0,,0.0,0.0,0.0,-0.022,,-8.1,-2.9,-11.0,0.0,krejcvi01
270,Jonathan Kuminga,PF,21,GSW,55,1408,16.4,.597,.214,.379,5.4,14.4,10.0,11.8,1.3,1.6,11.2,23.6,,1.8,1.3,3.0,.104,,-0.1,-0.5,-0.7,0.5,kuminjo01
271,Kyle Kuzma,PF,28,WAS,55,1746,15.5,.541,.362,.167,3.3,18.6,10.7,20.6,0.7,1.7,11.5,30.2,,-1.0,0.8,-0.2,-0.005,,0.4,-1.9,-1.5,0.2,kuzmaky01
272,Jock Landale,C,28,HOU,31,282,10.8,.445,.257,.243,14.4,11.4,12.9,9.8,1.4,3.6,13.4,13.5,,0.0,0.4,0.4,.072,,-3.3,0.1,-3.3,-0.1,landajo01
273,Jake LaRavia,PF,22,MEM,12,139,4.7,.404,.529,.098,7.6,8.2,7.9,8.4,1.0,0.7,8.6,18.1,,-0.2,0.1,-0.1,-0.040,,-7.1,-1.4,-8.5,-0.2,laravja01
274,Zach LaVine,SG,28,CHI,25,872,15.1,.578,.449,.274,1.0,15.9,8.3,17.0,1.2,0.9,11.0,23.8,,0.7,0.8,1.5,.082,,0.7,-0.6,0.1,0.5,lavinza01
275,A.J. Lawson,SG,23,DAL,27,230,12.2,.558,.476,.226,5.2,10.1,7.6,7.8,1.9,1.1,9.8,19.0,,0.1,0.2,0.3,.060,,-2.2,-1.2,-3.4,-0.1,lawsoaj01
276,Saben Lee,PG,24,PHO,15,116,17.4,.546,.294,.912,6.3,15.7,11.3,20.4,2.9,2.3,12.8,20.3,,0.2,0.2,0.3,.136,,-0.5,1.6,1.0,0.1,leesa01
277,Alex Len,C,30,SAC,23,197,15.5,.599,.073,.366,15.7,24.0,19.8,14.3,1.5,5.0,22.7,13.3,,0.3,0.3,0.5,.128,,-2.3,1.6,-0.7,0.1,lenal01
278,Kawhi Leonard,SF,32,LAC,51,1750,23.5,.634,.297,.245,4.0,15.9,10.2,17.0,2.5,2.2,8.5,26.1,,4.8,2.4,7.2,.196,,5.0,1.0,6.1,3.6,leonaka01
279,Caris LeVert,SG,29,CLE,46,1261,14.4,.520,.405,.239,2.3,12.7,7.6,23.3,1.6,1.4,9.7,23.9,,0.7,1.8,2.5,.095,,-0.6,0.5,-0.1,0.6,leverca01
280,Kira Lewis Jr.,PG,22,TOT,19,153,6.6,.391,.389,.204,3.6,7.2,5.4,17.7,1.9,0.6,12.0,18.7,,-0.2,0.1,-0.1,-0.026,,-6.0,-0.7,-6.7,-0.2,lewiski01
280,Kira Lewis Jr.,PG,22,NOP,15,144,5.7,.387,.385,.212,3.1,7.7,5.4,16.0,1.7,0.7,12.3,19.3,,-0.3,0.1,-0.1,-0.044,,-6.4,-1.0,-7.4,-0.2,lewiski01
280,Kira Lewis Jr.,PG,22,TOR,1,2,-7.3,,,,0.0,0.0,0.0,0.0,0.0,0.0,,0.0,,0.0,0.0,0.0,-0.003,,-22.1,0.0,-22.1,0.0,lewiski01
280,Kira Lewis Jr.,PG,22,UTA,3,7,29.0,.500,.500,.000,15.8,0.0,7.8,57.9,6.8,0.0,0.0,11.8,,0.0,0.0,0.0,.323,,7.0,5.3,12.3,0.0,lewiski01
281,Maxwell Lewis,SF,21,LAL,20,70,-1.7,.292,.250,.000,1.7,3.0,2.4,5.0,1.4,0.0,29.4,10.5,,-0.2,0.0,-0.2,-0.128,,-9.0,-2.4,-11.3,-0.2,lewisma05
282,E.J. Liddell,PF,23,NOP,8,23,4.2,.291,.833,.333,0.0,24.0,12.0,5.1,4.2,8.5,22.5,16.6,,-0.1,0.1,0.0,-0.088,,-8.7,4.0,-4.6,0.0,liddeej01
283,Damian Lillard,PG,33,MIL,53,1856,19.8,.592,.486,.427,1.8,11.3,6.7,27.8,1.5,0.5,11.1,28.4,,4.3,1.4,5.7,.146,,3.3,-1.3,2.0,1.9,lillada01
284,Nassir Little,SF,23,PHO,34,426,9.8,.579,.561,.187,4.0,14.4,9.5,5.8,1.1,2.1,10.1,13.1,,0.3,0.4,0.7,.076,,-2.5,-0.4,-2.9,-0.1,littlna01
285,Dereck Lively II,C,19,DAL,39,983,17.4,.721,.009,.290,12.1,20.9,16.5,6.8,1.3,5.0,14.8,12.3,,2.2,1.3,3.5,.172,,-0.7,0.5,-0.2,0.5,livelde01
286,Isaiah Livers,PF,25,DET,23,469,5.1,.460,.664,.155,3.5,8.1,5.7,6.7,1.3,0.9,11.4,12.6,,-0.3,0.1,-0.2,-0.020,,-5.0,-1.5,-6.6,-0.5,liveris01
287,Chris Livingston,SF,20,MIL,15,62,8.6,.571,.071,.143,3.6,20.5,12.3,8.1,1.5,0.0,16.8,12.3,,0.0,0.1,0.1,.055,,-4.9,-0.7,-5.6,-0.1,livinch01
288,Kenneth Lofton Jr.,PF,21,TOT,17,108,6.0,.413,.279,.349,2.0,16.8,9.2,19.5,1.4,2.6,13.9,23.0,,-0.3,0.1,-0.2,-0.070,,-6.9,0.1,-6.8,-0.1,loftoke01
288,Kenneth Lofton Jr.,PF,21,MEM,15,99,8.3,.447,.270,.405,2.1,15.0,8.3,21.3,1.5,2.8,12.1,21.6,,-0.1,0.1,0.0,-0.013,,-5.4,0.9,-4.5,-0.1,loftoke01
288,Kenneth Lofton Jr.,PF,21,PHI,2,9,-19.7,.167,.333,.000,0.0,37.0,18.4,0.0,0.0,0.0,25.0,37.9,,-0.1,0.0,-0.1,-0.698,,-23.3,-9.3,-32.6,-0.1,loftoke01
289,Kevon Looney,C,27,GSW,56,986,15.1,.627,.005,.337,13.6,24.4,19.1,15.2,1.1,1.7,16.3,10.7,,2.1,1.2,3.3,.161,,-0.5,1.3,0.8,0.7,looneke01
290,Brook Lopez,C,35,MIL,55,1734,15.1,.598,.517,.166,5.5,13.4,9.6,6.9,0.9,7.2,8.1,16.1,,2.1,2.1,4.2,.117,,0.1,1.0,1.1,1.4,lopezbr01
291,Robin Lopez,C,35,MIL,16,65,6.5,.453,.421,.105,5.2,3.3,4.2,7.7,0.7,3.8,9.1,14.4,,0.0,0.0,0.0,.006,,-4.7,-1.4,-6.0,-0.1,lopezro01
292,Kevin Love,PF,35,MIA,45,793,18.1,.597,.703,.338,6.7,33.9,20.1,19.3,1.0,1.0,9.5,20.5,,1.6,1.3,2.9,.173,,2.7,1.1,3.8,1.2,loveke01
293,Kyle Lowry,PG,37,TOT,39,1083,10.9,.588,.657,.167,2.8,11.4,7.0,19.7,1.9,1.3,17.5,13.3,,0.8,1.4,2.1,.095,,-2.1,1.2,-0.9,0.3,lowryky01
293,Kyle Lowry,PG,37,MIA,37,1037,10.8,.582,.665,.174,2.7,11.5,7.0,19.5,1.9,1.4,16.9,13.4,,0.7,1.3,2.0,.094,,-2.1,1.2,-0.9,0.3,lowryky01
293,Kyle Lowry,PG,37,PHI,2,46,12.8,.778,.444,.000,4.8,9.7,7.2,23.3,2.1,0.0,30.8,12.1,,0.1,0.0,0.1,.112,,-1.6,1.0,-0.6,0.0,lowryky01
294,Seth Lundy,SF,23,ATL,9,52,0.1,.373,.765,.235,2.0,12.9,7.2,0.0,0.0,0.0,5.1,15.6,,-0.1,0.0,-0.1,-0.093,,-7.8,-5.1,-12.9,-0.1,lundyse01
295,Trey Lyles,PF,28,SAC,41,807,12.2,.615,.728,.228,5.3,20.6,12.8,7.4,0.8,1.2,9.5,14.4,,1.0,0.7,1.6,.098,,-0.1,-0.8,-0.9,0.2,lylestr01
296,Théo Maledon,PG,22,TOT,16,212,3.3,.390,.435,.217,2.0,10.9,6.3,17.7,1.6,0.0,19.2,19.2,,-0.6,0.1,-0.5,-0.113,,-8.4,-2.0,-10.4,-0.5,maledth01
296,Théo Maledon,PG,22,CHO,13,200,3.9,.379,.455,.182,2.1,11.1,6.4,18.7,1.7,0.0,17.4,18.8,,-0.5,0.1,-0.4,-0.105,,-7.9,-1.8,-9.7,-0.4,maledth01
296,Théo Maledon,PG,22,PHO,3,12,-5.5,.579,.000,1.000,0.0,9.0,4.7,0.0,0.0,0.0,41.0,26.3,,-0.1,0.0,-0.1,-0.240,,-16.7,-5.3,-22.0,-0.1,maledth01
297,Sandro Mamukelashvili,C,24,SAS,32,212,14.7,.522,.479,.239,9.5,19.2,14.3,18.2,1.3,3.2,9.3,17.1,,0.2,0.2,0.4,.092,,-1.1,0.0,-1.1,0.0,mamuksa01
298,Terance Mann,SG,27,LAC,50,1270,10.5,.567,.452,.173,6.0,9.2,7.7,9.6,1.0,0.8,8.7,13.1,,1.5,0.9,2.3,.088,,-1.3,-0.7,-2.0,0.0,mannte01
299,Tre Mann,PG,22,TOT,19,296,14.1,.573,.434,.111,3.0,18.6,10.7,23.8,2.1,0.0,16.1,18.2,,0.2,0.3,0.5,.084,,-1.3,1.4,0.1,0.2,manntr01
299,Tre Mann,PG,22,OKC,13,119,14.1,.606,.475,.025,3.9,17.9,11.3,22.1,1.2,0.0,18.2,18.0,,0.1,0.1,0.3,.101,,0.4,-0.3,0.1,0.1,manntr01
299,Tre Mann,PG,22,CHO,6,177,14.1,.552,.407,.169,2.4,19.1,10.4,25.0,2.8,0.0,14.8,18.3,,0.1,0.2,0.3,.072,,-2.4,2.5,0.1,0.1,manntr01
300,Boban Marjanović,C,35,HOU,9,48,16.2,.486,.095,.286,13.4,35.7,24.5,12.9,0.0,1.9,7.8,22.8,,0.0,0.1,0.1,.086,,-1.8,-1.7,-3.5,0.0,marjabo01
301,Lauri Markkanen,PF,26,UTA,48,1577,21.9,.640,.499,.299,7.6,20.7,14.2,9.6,1.2,1.3,6.7,24.7,,4.8,1.1,5.9,.179,,5.3,-1.4,4.0,2.4,markkla01
302,Naji Marshall,SF,26,NOP,46,848,12.9,.570,.402,.295,5.6,14.8,10.3,14.1,1.8,0.9,14.0,17.4,,0.7,1.1,1.7,.098,,-1.4,0.0,-1.4,0.1,marshna01
303,Caleb Martin,SF,28,MIA,39,1041,11.2,.542,.369,.193,5.1,14.1,9.5,11.8,1.4,1.1,11.4,17.2,,0.2,1.3,1.5,.069,,-2.2,0.1,-2.1,0.0,martica02
304,Cody Martin,SF,28,CHO,25,670,9.3,.466,.394,.155,2.7,13.9,8.1,18.4,2.3,1.9,16.6,16.1,,-0.7,0.5,-0.1,-0.009,,-4.2,0.8,-3.4,-0.2,martico01
305,KJ Martin,SF,23,TOT,42,484,9.4,.570,.169,.246,4.1,13.5,8.8,8.6,1.6,1.1,13.8,13.4,,0.1,0.5,0.6,.060,,-4.2,0.0,-4.2,-0.3,martike04
305,KJ Martin,SF,23,LAC,2,31,6.8,.460,.500,.200,3.8,7.1,5.5,4.2,3.2,2.9,15.5,18.1,,-0.1,0.0,0.0,-0.030,,-7.0,0.6,-6.4,0.0,martike04
305,KJ Martin,SF,23,PHI,40,453,9.6,.580,.139,.250,4.1,14.0,9.0,8.9,1.5,1.0,13.7,13.1,,0.2,0.4,0.6,.066,,-4.0,-0.1,-4.1,-0.2,martike04
306,Garrison Mathews,SG,27,ATL,41,520,6.8,.654,.924,.143,1.8,8.6,5.1,4.3,0.9,0.7,11.8,10.0,,0.4,0.0,0.5,.043,,-3.1,-1.0,-4.1,-0.3,mathega01
307,Bennedict Mathurin,SF,21,IND,54,1393,12.5,.557,.310,.327,4.6,13.2,8.9,9.8,1.1,0.6,11.6,23.2,,0.4,0.5,1.0,.034,,-1.5,-2.3,-3.9,-0.7,mathube01
308,Wesley Matthews,SG,37,ATL,21,232,5.5,.451,.783,.413,1.8,11.6,6.5,6.6,2.0,1.5,9.9,10.7,,-0.1,0.1,0.0,.010,,-5.3,0.1,-5.2,-0.2,matthwe02
309,Tyrese Maxey,PG,23,PHI,52,1941,19.8,.574,.402,.281,1.6,9.6,5.5,26.8,1.3,1.2,7.1,27.6,,4.4,1.5,5.9,.147,,4.1,-1.1,3.0,2.4,maxeyty01
310,Skylar Mays,PG-SG,26,TOT,31,419,11.9,.468,.346,.109,2.6,9.1,5.6,29.7,2.0,0.9,10.4,18.6,,0.1,0.3,0.3,.039,,-2.0,-0.4,-2.4,0.0,mayssk01
310,Skylar Mays,PG,26,POR,21,356,11.9,.457,.355,.123,2.7,9.5,5.9,31.9,1.9,0.8,11.0,19.5,,0.0,0.2,0.2,.029,,-2.0,-0.6,-2.5,-0.1,mayssk01
310,Skylar Mays,SG,26,LAL,10,63,11.9,.556,.278,.000,1.8,6.7,4.4,16.8,2.3,1.4,5.3,13.0,,0.1,0.1,0.1,.094,,-2.5,0.7,-1.8,0.0,mayssk01
311,Miles McBride,PG,23,NYK,44,556,13.3,.572,.557,.114,2.4,6.5,4.4,11.5,2.2,0.5,6.9,19.0,,0.8,0.6,1.3,.116,,-0.8,0.7,0.0,0.3,mcbrimi01
312,CJ McCollum,PG,32,NOP,43,1361,17.9,.593,.538,.160,2.0,13.0,7.5,21.4,1.6,2.3,9.1,23.7,,2.3,1.7,3.9,.139,,3.0,0.2,3.2,1.8,mccolcj01
313,T.J. McConnell,PG,31,IND,47,817,19.0,.568,.064,.143,3.1,14.2,8.6,41.8,2.8,0.5,17.1,21.5,,1.4,0.7,2.1,.122,,1.4,0.0,1.4,0.7,mccontj01
314,Jaden McDaniels,SF,23,MIN,47,1348,9.3,.586,.398,.103,3.2,7.0,5.2,6.6,1.5,1.6,12.6,15.6,,0.2,2.1,2.3,.081,,-3.2,0.9,-2.3,-0.1,mcdanja02
315,Jalen McDaniels,SF,26,TOR,34,299,4.2,.414,.500,.189,3.3,12.4,7.7,7.4,1.8,0.9,13.6,19.0,,-0.7,0.2,-0.5,-0.077,,-7.5,-1.5,-9.1,-0.5,mcdanja01
316,Doug McDermott,SF,32,TOT,51,761,9.0,.601,.806,.080,1.3,6.1,3.6,10.8,0.7,0.2,9.2,14.9,,0.4,0.1,0.5,.034,,-1.5,-2.2,-3.6,-0.3,mcderdo01
316,Doug McDermott,SF,32,SAS,46,700,9.5,.620,.805,.079,1.2,6.3,3.7,11.1,0.7,0.2,9.7,14.8,,0.5,0.1,0.6,.042,,-1.2,-2.0,-3.2,-0.2,mcderdo01
316,Doug McDermott,SF,32,IND,5,61,3.3,.415,.818,.091,1.9,3.8,2.8,7.6,0.0,0.0,4.2,16.3,,-0.1,0.0,-0.1,-0.063,,-4.9,-4.0,-9.0,-0.1,mcderdo01
317,JaVale McGee,C,36,SAC,39,310,18.6,.634,.034,.371,13.2,27.9,20.4,6.7,1.4,5.5,18.7,22.8,,0.2,0.5,0.6,.099,,-1.9,0.3,-1.6,0.0,mcgeeja01
318,Bryce McGowens,SG,21,CHO,45,731,9.0,.573,.457,.317,2.3,11.2,6.6,7.7,1.1,0.8,10.6,14.1,,0.3,0.2,0.6,.037,,-3.8,-1.0,-4.9,-0.5,mcgowbr01
319,Jordan McLaughlin,PG,27,MIN,34,297,13.6,.503,.558,.104,4.1,9.0,6.7,24.5,3.8,1.5,12.0,13.6,,0.3,0.6,0.9,.149,,-0.1,4.4,4.2,0.5,mclaujo01
320,De'Anthony Melton,SG,25,PHI,35,993,13.4,.542,.592,.228,3.0,12.2,7.6,14.8,2.7,1.4,9.3,18.0,,0.8,1.2,2.0,.098,,-0.5,1.1,0.5,0.6,meltode01
321,Nathan Mensah,C,25,CHO,25,307,5.0,.496,.000,.429,10.1,13.7,11.8,3.6,1.0,4.2,29.6,6.7,,0.0,0.2,0.2,.024,,-8.8,-0.1,-8.8,-0.5,mensana01
322,Sam Merrill,SG,27,CLE,40,608,15.2,.632,.865,.051,2.8,10.4,6.7,14.1,1.1,0.1,4.3,18.1,,1.4,0.7,2.1,.165,,2.5,-0.1,2.4,0.7,merrisa01
323,Chimezie Metu,C,26,PHO,37,447,13.9,.621,.392,.331,6.5,20.7,14.0,5.8,2.1,1.8,15.3,17.0,,0.4,0.6,1.0,.103,,-1.6,0.2,-1.4,0.1,metuch01
324,Vasilije Micić,PG,30,TOT,36,494,9.2,.504,.444,.188,0.9,7.1,4.1,29.5,1.1,0.6,20.0,17.1,,-0.1,0.3,0.2,.023,,-3.2,-1.5,-4.7,-0.3,micicva01
324,Vasilije Micić,PG,30,OKC,30,361,7.9,.498,.495,.209,0.3,6.8,3.7,25.5,1.2,0.8,22.6,15.4,,-0.2,0.3,0.2,.020,,-3.9,-1.4,-5.3,-0.3,micicva01
324,Vasilije Micić,PG,30,CHO,6,133,12.8,.513,.358,.151,2.4,7.9,5.0,40.4,0.7,0.0,15.0,21.8,,0.1,0.0,0.1,.031,,-1.3,-1.5,-2.9,0.0,micicva01
325,Khris Middleton,SF,32,MIL,43,1129,16.8,.590,.388,.191,2.6,14.8,8.9,27.4,1.6,0.9,14.2,23.7,,1.4,1.1,2.5,.106,,1.0,-0.2,0.8,0.8,middlkh01
326,Brandon Miller,SF,21,CHO,51,1616,12.4,.549,.435,.158,2.8,11.7,7.1,11.6,1.5,1.6,10.7,23.1,,-0.3,0.8,0.5,.016,,-1.5,-1.4,-3.0,-0.4,millebr02
327,Jordan Miller,SF,24,LAC,5,21,17.0,.799,.167,.333,11.2,10.4,10.8,0.0,0.0,0.0,12.7,16.3,,0.1,0.0,0.1,.171,,1.9,-2.9,-1.0,0.0,millejo02
328,Leonard Miller,SF,20,MIN,7,26,24.0,.682,.273,.000,4.7,37.0,21.9,19.7,1.9,3.4,8.3,20.3,,0.1,0.1,0.1,.253,,3.0,4.8,7.8,0.1,millele01
329,Dariq Whitehead,SF,19,BRK,2,24,4.8,.255,.600,.400,0.0,18.6,9.0,15.3,0.0,3.7,0.0,10.5,,0.0,0.0,0.0,-0.035,,-5.5,-2.4,-7.8,0.0,whiteda01
330,Patty Mills,PG,35,ATL,19,202,6.5,.500,.667,.000,2.6,8.3,5.3,8.6,2.1,0.4,13.6,12.0,,-0.1,0.1,0.0,.005,,-4.3,0.3,-4.0,-0.1,millspa02
331,Shake Milton,SG,27,TOT,42,554,9.0,.496,.333,.253,2.9,10.8,7.1,14.0,1.6,0.9,13.0,18.8,,-0.3,0.8,0.5,.044,,-4.3,0.6,-3.7,-0.2,miltosh01
331,Shake Milton,SG,27,MIN,38,491,8.3,.496,.331,.275,1.7,9.6,5.9,14.0,1.6,0.9,13.5,18.6,,-0.3,0.8,0.5,.045,,-4.9,0.7,-4.2,-0.3,miltosh01
331,Shake Milton,SG,27,DET,4,63,14.4,.494,.346,.115,12.1,20.1,16.0,13.6,1.5,1.3,9.9,20.3,,0.0,0.0,0.1,.042,,0.3,0.1,0.4,0.0,miltosh01
332,Justin Minaya,SF,24,POR,19,151,4.6,.326,.640,.240,7.0,8.0,7.5,6.9,1.6,3.0,15.3,9.2,,-0.2,0.1,-0.1,-0.024,,-5.4,-0.7,-6.1,-0.2,minayju01
333,Josh Minott,SF,21,MIN,20,62,18.4,.608,.286,.667,5.9,13.8,10.1,7.0,2.4,4.2,6.9,20.7,,0.1,0.1,0.3,.209,,-0.4,2.5,2.1,0.1,minotjo01
334,Davion Mitchell,PG,25,SAC,46,608,6.9,.506,.518,.152,1.3,7.4,4.3,15.8,0.8,0.3,12.5,14.0,,0.0,0.3,0.3,.024,,-4.2,-1.1,-5.3,-0.5,mitchda01
335,Donovan Mitchell,SG,27,CLE,45,1596,23.6,.602,.440,.300,3.0,13.6,8.4,28.9,2.6,1.3,10.6,32.0,,3.7,2.8,6.4,.194,,5.5,1.7,7.2,3.7,mitchdo01
336,Evan Mobley,PF,22,CLE,33,1026,19.4,.627,.068,.281,8.6,26.7,17.8,13.2,1.3,4.5,13.6,20.2,,1.6,2.1,3.7,.172,,0.2,2.2,2.4,1.1,mobleev01
337,Isaiah Mobley,PF,24,CLE,3,14,16.0,.625,.500,.000,0.0,15.5,7.9,38.6,3.5,0.0,20.0,15.5,,0.0,0.0,0.1,.188,,0.7,4.5,5.2,0.0,mobleis01
338,Malik Monk,SG,25,SAC,55,1425,16.0,.581,.505,.242,1.5,10.7,6.0,28.6,1.1,2.3,14.2,25.0,,1.6,1.1,2.7,.090,,1.9,-0.9,1.0,1.0,monkma01
339,Moses Moody,SG,21,GSW,42,706,13.9,.577,.475,.228,7.0,11.9,9.4,6.4,1.8,1.9,8.9,18.5,,0.8,0.7,1.4,.097,,0.0,0.1,0.1,0.4,moodymo01
340,Xavier Moon,SG,29,LAC,2,12,6.9,.500,.500,.000,0.0,18.2,9.4,30.9,0.0,0.0,33.3,10.9,,0.0,0.0,0.0,.024,,-3.5,1.1,-2.4,0.0,moonxa01
341,Taze Moore,SG,25,POR,3,10,14.3,.600,.400,.000,0.0,0.0,0.0,19.7,4.9,0.0,16.7,25.5,,0.0,0.0,0.0,.019,,-4.7,1.7,-3.1,0.0,mooreta02
342,Wendell Moore Jr.,SG,22,MIN,14,44,8.6,.500,.400,.000,0.0,14.6,7.8,6.1,5.6,2.0,23.1,13.0,,-0.1,0.1,0.0,.049,,-7.2,6.0,-1.2,0.0,moorewe01
343,Ja Morant,PG,24,MEM,9,318,20.4,.570,.300,.376,2.0,15.8,8.6,41.4,1.1,1.5,12.0,30.5,,0.5,0.3,0.8,.120,,2.7,0.4,3.1,0.4,moranja01
344,Marcus Morris,PF,34,PHI,37,637,10.4,.559,.439,.176,3.1,15.9,9.4,5.5,1.0,1.5,7.9,16.1,,0.3,0.6,0.9,.070,,-2.3,-1.2,-3.4,-0.2,morrima03
345,Markieff Morris,PF,34,DAL,18,160,5.6,.443,.612,.082,2.7,17.9,10.3,8.7,1.5,0.5,15.1,15.9,,-0.2,0.1,-0.1,-0.030,,-4.7,-1.3,-6.0,-0.2,morrima02
346,Monte Morris,PG,28,TOT,11,142,11.7,.455,.431,.052,1.5,12.6,7.1,20.0,1.7,1.8,4.8,18.8,,0.0,0.2,0.1,.050,,-2.2,0.9,-1.3,0.0,morrimo01
346,Monte Morris,PG,28,DET,6,68,8.3,.398,.333,.061,3.2,16.9,9.9,16.8,0.7,1.2,5.6,22.2,,-0.1,0.0,-0.1,-0.068,,-4.6,-2.3,-6.9,-0.1,morrimo01
346,Monte Morris,PG,28,MIN,5,74,14.8,.531,.560,.040,0.0,8.7,4.6,22.9,2.7,2.4,3.8,15.7,,0.1,0.1,0.2,.158,,0.0,3.8,3.9,0.1,morrimo01
347,Trey Murphy III,SF,23,NOP,33,876,13.9,.568,.711,.207,2.3,14.2,8.3,8.4,1.5,2.1,4.3,18.4,,1.0,1.1,2.1,.116,,0.7,-0.3,0.4,0.5,murphtr02
348,Dejounte Murray,SG,27,ATL,54,1895,17.0,.561,.351,.191,2.2,14.5,8.1,23.4,1.7,0.7,10.6,25.1,,2.3,0.9,3.1,.079,,1.5,-0.9,0.7,1.3,murrade01
349,Jamal Murray,PG,26,DEN,42,1325,19.7,.577,.353,.191,2.4,11.3,6.9,30.5,1.3,1.9,10.3,27.3,,2.4,1.4,3.8,.137,,4.1,-0.6,3.5,1.9,murraja01
350,Keegan Murray,SF,23,SAC,52,1697,13.0,.570,.507,.134,4.2,14.4,9.2,6.9,1.6,1.7,6.4,18.0,,1.4,1.6,3.0,.085,,-0.9,-0.7,-1.6,0.2,murrake02
351,Kris Murray,SF,23,POR,36,514,9.1,.474,.489,.161,6.4,12.4,9.2,8.0,2.7,1.2,12.5,13.9,,-0.2,0.5,0.2,.022,,-3.7,0.4,-3.3,-0.2,murrakr01
352,Mike Muscala,C,32,TOT,37,509,8.0,.484,.634,.179,6.6,15.7,11.0,7.9,0.7,1.9,11.1,13.4,,-0.1,0.2,0.1,.010,,-3.6,-1.4,-4.9,-0.4,muscami01
352,Mike Muscala,C,32,WAS,24,338,7.6,.481,.567,.222,6.7,17.1,11.8,8.1,0.7,1.7,13.9,14.2,,-0.2,0.1,-0.1,-0.008,,-4.6,-1.8,-6.3,-0.4,muscami01
352,Mike Muscala,C,32,DET,13,171,8.8,.492,.773,.091,6.4,12.8,9.5,7.4,0.8,2.4,4.2,11.8,,0.1,0.1,0.2,.044,,-1.6,-0.6,-2.2,0.0,muscami01
353,Svi Mykhailiuk,SF,26,BOS,24,183,7.6,.481,.803,.091,3.1,8.9,6.1,7.8,1.9,0.0,9.3,17.9,,-0.1,0.2,0.1,.026,,-4.1,-0.5,-4.6,-0.1,mykhasv01
354,Larry Nance Jr.,C,31,NOP,40,735,14.9,.662,.317,.262,8.8,22.2,15.5,10.5,2.6,2.0,17.8,11.5,,1.1,1.3,2.3,.152,,-0.4,2.2,1.8,0.7,nancela02
355,Pete Nance,PF,23,CLE,2,4,-18.8,.000,.000,.000,0.0,0.0,0.0,0.0,0.0,0.0,0.0,21.7,,0.0,0.0,0.0,-0.490,,-19.4,-9.0,-28.4,0.0,nancepe01
356,Andrew Nembhard,PG,24,IND,44,1025,12.0,.566,.283,.112,2.8,6.6,4.7,23.9,1.8,0.3,17.0,17.5,,0.7,0.4,1.1,.053,,-1.4,-0.9,-2.3,-0.1,nembhan01
357,Aaron Nesmith,SF,24,IND,51,1381,13.8,.651,.528,.208,4.0,12.5,8.2,6.5,1.8,2.0,9.2,16.5,,2.0,0.9,2.9,.102,,0.3,-0.1,0.1,0.7,nesmiaa01
358,Georges Niang,PF,30,CLE,56,1206,9.5,.567,.625,.107,1.7,16.6,9.3,7.4,0.5,0.9,8.9,17.4,,0.4,1.5,1.9,.075,,-2.7,-0.1,-2.9,-0.3,niangge01
359,Daishen Nix,PG,21,MIN,10,35,13.3,.530,.684,.211,0.0,3.1,1.6,9.1,2.8,0.0,4.6,27.4,,0.0,0.1,0.0,.049,,-1.3,-0.1,-1.5,0.0,nixda01
360,Zeke Nnaji,PF,23,DEN,43,422,13.0,.534,.160,.429,13.7,11.4,12.5,7.9,1.3,5.5,15.0,17.1,,0.2,0.6,0.8,.091,,-3.7,-0.2,-3.9,-0.2,nnajize01
361,Jaylen Nowell,SG,24,MEM,9,156,6.6,.453,.418,.055,2.0,8.0,4.9,15.4,0.9,0.0,8.2,16.9,,-0.1,0.1,0.0,-0.008,,-5.9,-1.4,-7.3,-0.2,nowelja01
362,Markquis Nowell,SG,24,TOR,1,4,55.5,.532,.000,2.000,54.0,0.0,27.5,56.4,12.1,0.0,0.0,20.1,,0.0,0.0,0.1,.677,,29.1,14.4,43.5,0.0,nowelma01
363,Frank Ntilikina,PG,25,CHO,5,43,0.0,.253,.889,.222,2.5,13.5,7.8,11.3,0.0,0.0,9.2,11.0,,-0.1,0.0,-0.1,-0.094,,-10.1,-3.3,-13.4,-0.1,ntilila01
364,Jusuf Nurkić,C,29,PHO,54,1473,17.9,.575,.177,.383,11.7,30.3,21.5,19.3,1.8,3.2,16.8,19.6,,1.8,2.5,4.3,.141,,-0.7,1.6,0.9,1.1,nurkiju01
365,Jordan Nwora,SF,25,TOT,30,326,13.0,.547,.455,.239,4.5,16.4,10.4,13.7,1.8,0.8,11.4,21.6,,0.1,0.2,0.4,.055,,-1.6,-1.5,-3.2,-0.1,nworajo01
365,Jordan Nwora,SF,25,IND,18,183,12.1,.541,.439,.134,5.0,15.7,10.3,12.7,1.5,0.4,12.1,22.5,,0.0,0.1,0.1,.024,,-1.9,-2.2,-4.2,-0.1,nworajo01
365,Jordan Nwora,SF,25,TOR,12,143,14.2,.555,.481,.404,3.8,17.3,10.4,15.0,2.0,1.2,10.3,20.4,,0.1,0.1,0.3,.095,,-1.2,-0.6,-1.9,0.0,nworajo01
366,Royce O'Neale,SF,30,TOT,55,1351,10.7,.545,.811,.073,3.4,17.7,10.4,15.0,1.6,2.1,12.6,13.9,,0.7,1.3,2.0,.070,,-1.4,1.0,-0.3,0.6,onealro01
366,Royce O'Neale,SF,30,BRK,49,1202,10.2,.544,.815,.068,3.3,17.0,9.9,15.1,1.3,2.2,13.2,13.7,,0.5,1.1,1.6,.062,,-1.5,0.8,-0.7,0.4,onealro01
366,Royce O'Neale,SF,30,PHO,6,149,14.8,.551,.778,.111,4.1,23.1,14.1,14.1,3.6,1.8,7.8,14.8,,0.2,0.3,0.4,.137,,0.1,2.8,3.0,0.2,onealro01
367,Chuma Okeke,SF,25,ORL,34,383,8.0,.499,.727,.051,5.4,16.9,11.0,6.0,0.9,1.7,10.6,12.8,,-0.1,0.5,0.4,.049,,-2.3,-0.3,-2.6,-0.1,okekech01
368,Josh Okogie,SG,25,PHO,52,898,11.8,.548,.458,.505,9.2,9.0,9.1,8.4,2.4,2.2,12.0,12.8,,0.9,1.0,1.9,.100,,-1.5,0.8,-0.7,0.3,okogijo01
369,Onyeka Okongwu,C,23,ATL,53,1367,16.6,.675,.185,.328,10.8,18.5,14.5,7.0,0.8,3.8,10.1,13.4,,3.4,0.8,4.1,.145,,-0.1,-0.6,-0.7,0.4,okongon01
370,Isaac Okoro,SF,23,CLE,47,1231,12.0,.602,.408,.312,4.9,7.9,6.4,9.6,1.6,1.6,9.2,13.9,,1.6,1.6,3.2,.126,,-1.6,1.2,-0.4,0.5,okorois01
371,Kelly Olynyk,C,32,TOT,55,1110,17.3,.666,.321,.358,6.9,20.2,13.6,28.2,1.9,1.2,20.0,15.9,,2.6,1.0,3.6,.154,,1.1,1.7,2.8,1.4,olynyke01
371,Kelly Olynyk,C,32,UTA,50,1019,17.1,.677,.326,.368,6.8,20.3,13.6,29.0,1.7,1.0,21.3,15.5,,2.4,0.8,3.2,.152,,1.2,1.5,2.7,1.2,olynyke01
371,Kelly Olynyk,C,32,TOR,5,91,19.8,.584,.286,.286,7.1,19.7,13.3,18.8,3.7,2.9,9.2,20.4,,0.2,0.1,0.3,.173,,0.4,3.6,4.0,0.1,olynyke01
372,Eugene Omoruyi,SF,26,WAS,26,196,20.4,.568,.263,.337,11.6,18.4,14.9,17.0,4.5,0.4,11.4,26.3,,0.2,0.3,0.5,.115,,-0.1,1.2,1.0,0.2,omorueu01
373,Cedi Osman,SF,28,SAS,58,1026,11.2,.595,.573,.159,2.1,13.4,7.6,13.5,1.3,0.7,10.9,15.4,,0.7,0.6,1.2,.058,,-1.9,-0.7,-2.6,-0.1,osmande01
374,Kelly Oubre Jr.,SF,28,PHI,45,1309,12.9,.548,.392,.247,4.8,12.6,8.6,5.4,2.0,1.6,7.5,20.1,,0.6,1.4,2.1,.076,,-1.7,-0.7,-2.4,-0.1,oubreke01
375,Chris Paul,PG,38,GSW,32,882,14.2,.543,.486,.171,1.2,13.5,7.4,33.5,2.0,0.3,12.6,14.3,,1.7,0.8,2.5,.137,,0.1,1.1,1.2,0.7,paulch01
376,Cameron Payne,PG,29,TOT,54,842,12.6,.585,.567,.190,1.2,8.1,4.7,20.4,1.4,0.4,10.5,17.4,,1.2,0.6,1.7,.099,,-0.7,-0.6,-1.4,0.1,payneca01
376,Cameron Payne,PG,29,MIL,47,702,12.5,.603,.590,.198,0.8,8.6,4.8,20.2,1.5,0.4,11.4,16.5,,1.0,0.5,1.5,.104,,-1.0,-0.4,-1.4,0.1,payneca01
376,Cameron Payne,PG,29,PHI,7,140,13.4,.520,.484,.161,3.1,5.6,4.3,21.5,1.0,0.6,7.0,21.7,,0.1,0.1,0.2,.075,,0.6,-1.6,-0.9,0.0,payneca01
377,Gary Payton II,SG,31,GSW,22,345,14.1,.589,.363,.127,7.6,12.5,10.0,8.2,3.2,1.8,10.0,14.5,,0.4,0.5,0.9,.120,,-1.3,2.6,1.3,0.3,paytoga02
378,Drew Peterson,PF,24,BOS,1,3,43.6,1.500,1.000,.000,0.0,0.0,0.0,58.9,0.0,0.0,0.0,14.4,,0.0,0.0,0.0,.749,,28.4,13.4,41.8,0.0,peterdr01
379,Filip Petrušev,C,23,TOT,3,10,5.0,.521,.000,1.000,0.0,11.1,5.5,0.0,0.0,0.0,0.0,12.3,,0.0,0.0,0.0,.023,,-4.8,-3.3,-8.1,0.0,petrufi01
379,Filip Petrušev,C,23,PHI,1,3,4.0,,,,0.0,37.0,18.4,0.0,0.0,0.0,,0.0,,0.0,0.0,0.0,.058,,-3.0,-2.1,-5.1,0.0,petrufi01
379,Filip Petrušev,C,23,SAC,2,7,5.5,.521,.000,1.000,0.0,0.0,0.0,0.0,0.0,0.0,0.0,17.5,,0.0,0.0,0.0,.008,,-5.6,-3.8,-9.4,0.0,petrufi01
380,Julian Phillips,SF,20,CHI,32,218,5.0,.511,.480,.220,3.0,7.9,5.4,5.5,0.2,2.8,11.3,12.5,,-0.1,0.1,0.1,.011,,-6.1,-1.0,-7.1,-0.3,phillju01
381,Jalen Pickett,SG,24,DEN,19,103,8.6,.553,.724,.138,1.1,10.6,5.9,15.9,1.4,0.0,16.3,15.5,,0.0,0.1,0.1,.047,,-3.0,-0.8,-3.8,0.0,pickeja02
382,Scotty Pippen Jr.,PG,23,MEM,8,181,16.2,.615,.390,.356,4.7,12.0,8.2,30.6,2.2,2.0,18.0,19.8,,0.3,0.2,0.5,.129,,0.9,1.9,2.8,0.2,pippesc02
383,Mason Plumlee,C,33,LAC,25,421,16.9,.681,.000,.759,9.8,27.0,18.7,9.4,0.9,1.7,12.1,13.7,,1.1,0.5,1.6,.183,,0.2,0.3,0.5,0.3,plumlma01
384,Brandin Podziemski,SG,20,GSW,50,1332,13.2,.541,.394,.142,6.3,17.4,11.9,19.5,1.5,0.5,12.3,16.3,,1.4,1.3,2.7,.096,,-0.4,0.3,-0.1,0.6,podzibr01
385,Jakob Poeltl,C,28,TOR,46,1229,18.3,.658,.000,.297,11.6,24.1,17.7,12.9,1.2,5.0,16.1,15.9,,2.1,1.5,3.6,.139,,-0.6,1.1,0.5,0.8,poeltja01
386,Aleksej Pokusevski,PF,22,OKC,10,60,2.4,.338,.688,.250,3.9,14.2,9.3,9.7,0.8,1.5,14.5,15.0,,-0.1,0.1,-0.1,-0.064,,-7.7,-2.3,-10.0,-0.1,pokusal01
387,Jordan Poole,SG,24,WAS,55,1610,10.5,.513,.461,.211,1.3,7.9,4.5,17.7,1.8,0.9,12.2,25.4,,-1.6,0.5,-1.1,-0.032,,-3.6,-1.9,-5.5,-1.4,poolejo01
388,Craig Porter Jr.,PG,23,CLE,34,478,15.7,.555,.124,.271,3.6,14.8,9.3,27.4,1.7,2.2,14.8,20.3,,0.4,0.8,1.2,.121,,-0.8,1.7,0.9,0.3,portecr01
389,Jontay Porter,PF,24,TOR,17,221,14.2,.498,.529,.171,8.3,18.8,13.5,17.6,2.6,4.3,11.7,16.5,,0.1,0.3,0.4,.097,,-1.3,1.5,0.3,0.1,portejo01
390,Michael Porter Jr.,SF,25,DEN,57,1806,14.9,.590,.524,.098,5.0,19.5,12.4,6.4,0.7,1.9,7.2,20.3,,1.9,2.0,3.9,.105,,0.9,-1.4,-0.5,0.7,portemi01
391,Otto Porter Jr.,SF,30,TOR,15,174,8.7,.568,.697,.091,3.7,14.8,9.2,5.7,1.4,2.5,5.5,8.9,,0.1,0.1,0.3,.079,,-3.6,0.4,-3.2,-0.1,porteot01
392,Bobby Portis,PF,28,MIL,58,1383,16.1,.575,.290,.151,7.7,23.2,15.7,6.7,1.4,1.4,8.0,21.6,,1.3,1.6,3.0,.103,,-0.7,-1.1,-1.8,0.1,portibo01
393,Kristaps Porziņģis,C,28,BOS,42,1242,22.6,.659,.397,.432,5.8,18.1,12.2,9.8,1.0,5.6,9.7,24.8,,3.5,2.1,5.7,.220,,3.2,1.5,4.7,2.1,porzikr01
394,Micah Potter,PF,25,UTA,2,7,1.5,.000,1.000,.000,0.0,61.8,31.2,0.0,0.0,0.0,0.0,5.9,,0.0,0.0,0.0,-0.065,,-8.3,-3.4,-11.7,0.0,pottemi01
395,Dwight Powell,C,32,DAL,49,730,15.0,.741,.021,.874,12.1,15.2,13.7,12.8,1.4,2.2,17.6,9.3,,2.1,0.7,2.8,.184,,-0.6,0.8,0.2,0.4,poweldw01
396,Norman Powell,SG,30,LAC,55,1404,13.9,.635,.488,.217,0.8,10.0,5.6,5.5,1.0,1.2,7.7,19.8,,2.0,1.0,3.0,.103,,0.5,-1.2,-0.7,0.5,powelno01
397,Jason Preston,PG,24,UTA,1,1,-11.9,,,,100.0,0.0,54.7,0.0,0.0,0.0,100.0,41.4,,0.0,0.0,0.0,-0.925,,-8.0,-17.4,-25.3,0.0,prestja01
398,Joshua Primo,SG,21,LAC,1,5,-15.4,.500,.500,.000,0.0,0.0,0.0,0.0,0.0,17.8,60.0,43.5,,-0.1,0.0,-0.1,-0.798,,-20.3,-8.3,-28.6,0.0,primojo01
399,Taurean Prince,PF,29,LAL,56,1671,8.5,.573,.643,.120,0.9,9.7,5.5,7.3,1.4,1.4,9.9,13.4,,0.1,1.3,1.4,.042,,-2.9,-0.1,-3.0,-0.4,princta02
400,Payton Pritchard,PG,26,BOS,57,1173,13.6,.579,.678,.098,4.9,11.1,8.1,17.7,1.0,0.5,8.1,15.9,,2.2,1.3,3.5,.143,,0.7,0.1,0.8,0.8,pritcpa01
401,Olivier-Maxence Prosper,PF,21,DAL,31,256,10.3,.471,.465,.479,7.7,18.5,13.1,9.3,0.7,1.0,5.5,15.2,,0.1,0.2,0.3,.064,,-2.4,-1.3,-3.7,-0.1,prospol01
402,Trevelin Queen,SG,26,ORL,13,163,8.2,.462,.447,.316,2.1,11.5,6.8,14.6,2.1,2.8,13.9,13.3,,-0.1,0.2,0.2,.050,,-4.7,1.3,-3.4,-0.1,queentr01
403,Neemias Queta,C,24,BOS,23,283,19.3,.636,.000,.250,17.5,20.8,19.2,5.4,1.7,4.4,9.2,15.0,,0.8,0.5,1.3,.225,,-1.1,0.6,-0.5,0.1,quetane01
404,Immanuel Quickley,SG-PG,24,TOT,52,1430,15.9,.575,.479,.248,1.0,12.2,6.6,20.2,1.1,0.4,7.6,23.1,,2.5,1.0,3.5,.118,,1.8,-0.9,0.9,1.0,quickim01
404,Immanuel Quickley,SG,24,NYK,30,720,17.0,.598,.484,.281,0.8,11.2,6.0,15.7,1.1,0.4,7.6,24.2,,1.6,0.6,2.2,.147,,2.5,-0.3,2.3,0.8,quickim01
404,Immanuel Quickley,PG,24,TOR,22,710,14.8,.549,.474,.213,1.2,13.3,7.1,24.7,1.1,0.4,7.6,22.1,,0.9,0.4,1.3,.089,,1.0,-1.6,-0.6,0.3,quickim01
405,Lester Quinones,SG,23,GSW,22,283,9.8,.539,.582,.253,6.9,13.3,10.1,12.4,0.9,0.6,12.9,17.2,,0.2,0.2,0.4,.062,,-2.5,-0.9,-3.4,-0.1,quinole01
406,Julius Randle,PF,29,NYK,46,1630,18.8,.569,.292,.361,6.8,22.3,14.5,22.6,0.8,0.7,14.1,29.6,,2.0,1.9,3.8,.112,,2.1,-0.4,1.7,1.5,randlju01
407,Duop Reath,C,27,POR,42,722,16.2,.588,.512,.196,8.9,16.3,12.4,10.3,1.4,2.7,8.9,20.5,,1.1,0.6,1.7,.113,,0.5,-0.4,0.1,0.4,reathdu01
408,Austin Reaves,SG,25,LAL,59,1838,15.6,.616,.429,.314,2.5,11.1,7.0,24.2,1.4,0.6,14.4,20.6,,2.7,1.4,4.1,.107,,0.7,-0.6,0.1,1.0,reaveau01
409,Cam Reddish,SF,24,LAL,35,815,8.4,.519,.463,.224,2.7,8.5,5.7,7.2,2.5,1.2,11.8,13.5,,-0.3,0.8,0.6,.033,,-4.0,1.0,-2.9,-0.2,reddica01
410,Paul Reed,C,24,PHI,57,1035,16.5,.580,.114,.147,13.2,20.6,16.9,9.2,1.8,4.2,10.9,15.1,,1.6,1.5,3.2,.147,,-0.9,0.4,-0.5,0.4,reedpa01
411,Naz Reid,C,24,MIN,57,1287,15.0,.595,.485,.157,4.9,17.7,11.7,7.0,1.5,3.0,10.8,22.1,,0.6,2.5,3.2,.118,,0.0,1.0,1.0,1.0,reidna01
412,Jared Rhoden,SG,24,DET,6,42,10.1,.631,.364,.182,2.6,11.0,6.7,13.0,0.0,4.0,20.2,14.9,,0.0,0.0,0.0,.029,,-2.3,0.1,-2.2,0.0,rhodeja01
413,Nick Richards,C,26,CHO,48,1254,17.2,.718,.000,.535,11.0,24.2,17.3,4.8,0.7,4.6,13.8,13.4,,2.8,1.1,3.9,.147,,-1.5,-0.4,-1.8,0.0,richani01
414,Josh Richardson,SG,30,MIA,43,1103,11.3,.573,.548,.156,1.8,10.7,6.2,13.9,1.1,1.2,8.9,16.3,,0.9,1.1,2.0,.088,,-1.4,0.0,-1.5,0.2,richajo01
415,Duncan Robinson,SF,29,MIA,51,1402,12.8,.623,.679,.141,0.9,8.9,4.8,15.6,1.1,0.8,11.3,19.5,,1.4,1.4,2.8,.095,,0.1,-0.6,-0.5,0.5,robindu01
416,Jerome Robinson,SG,26,GSW,11,36,2.1,.322,.583,.667,3.0,6.0,4.5,6.6,0.0,2.5,0.0,18.0,,-0.1,0.0,-0.1,-0.072,,-8.2,-3.9,-12.2,-0.1,robinje01
417,Mitchell Robinson,C,25,NYK,21,613,16.1,.567,.000,.388,20.4,19.0,19.7,3.2,2.6,4.1,15.5,9.5,,0.9,1.1,2.0,.155,,-0.3,0.9,0.6,0.4,robinmi01
418,Orlando Robinson,C,23,MIA,24,239,14.9,.613,.210,.387,8.8,22.5,15.6,16.4,1.2,2.8,16.2,16.0,,0.3,0.4,0.7,.143,,-1.6,1.0,-0.6,0.1,robinor01
419,Jeremiah Robinson-Earl,PF,23,NOP,24,247,12.9,.617,.406,.203,7.7,17.4,12.6,5.9,1.8,1.6,13.6,14.0,,0.2,0.3,0.6,.111,,-1.2,0.3,-1.0,0.1,robinje02
420,David Roddy,PF,22,TOT,51,1126,8.6,.487,.406,.172,4.8,15.3,9.9,10.1,1.1,0.9,11.6,18.1,,-1.0,1.1,0.1,.005,,-4.0,-0.9,-4.9,-0.8,roddyda01
420,David Roddy,PF,22,MEM,48,1114,8.6,.485,.404,.174,4.9,15.2,9.9,10.2,1.1,0.9,11.5,18.2,,-1.0,1.1,0.1,.005,,-4.0,-0.9,-5.0,-0.8,roddyda01
420,David Roddy,PF,22,PHO,3,12,9.0,.833,.667,.000,0.0,17.9,9.5,0.0,0.0,0.0,25.0,14.4,,0.0,0.0,0.0,.026,,-2.8,-1.6,-4.4,0.0,roddyda01
421,Ryan Rollins,PG,21,WAS,10,66,22.5,.631,.120,.680,3.1,14.9,8.9,23.7,5.6,3.7,17.7,25.0,,0.1,0.1,0.2,.140,,0.4,4.5,4.9,0.1,rolliry01
422,Derrick Rose,PG,35,MEM,22,378,13.1,.535,.252,.170,2.0,10.8,6.2,31.4,1.0,0.5,14.1,22.7,,0.1,0.3,0.4,.047,,-1.4,-1.2,-2.6,-0.1,rosede01
423,Terry Rozier,SG-PG,29,TOT,40,1364,17.5,.552,.412,.226,2.1,11.5,6.6,30.1,1.4,0.9,9.3,26.2,,1.6,0.8,2.4,.084,,2.5,-1.1,1.4,1.1,roziete01
423,Terry Rozier,SG,29,CHO,30,1065,19.0,.574,.423,.235,1.7,10.9,6.1,30.7,1.5,1.0,9.7,27.4,,1.6,0.4,2.1,.093,,3.6,-1.4,2.2,1.1,roziete01
423,Terry Rozier,PG,29,MIA,10,299,12.3,.455,.367,.188,3.7,13.4,8.5,27.9,1.3,0.7,7.4,22.1,,0.0,0.3,0.3,.055,,-1.8,0.0,-1.8,0.0,roziete01
424,Rayan Rupert,SG,19,POR,16,119,8.4,.451,.395,.186,6.2,14.2,9.9,13.5,1.2,0.0,11.4,18.8,,-0.1,0.1,0.0,-0.014,,-3.7,-2.5,-6.1,-0.1,ruperra01
425,D'Angelo Russell,PG,27,LAL,54,1698,16.4,.589,.468,.179,1.4,8.4,5.0,29.3,1.3,1.4,11.5,23.2,,2.3,1.2,3.5,.099,,1.8,-0.9,0.9,1.2,russeda01
426,Matt Ryan,SF,26,NOP,16,324,10.0,.667,.811,.147,1.7,10.2,6.0,5.7,0.9,0.3,14.4,15.7,,0.3,0.3,0.5,.078,,-0.7,-1.1,-1.8,0.0,ryanma01
427,Domantas Sabonis,C,27,SAC,56,1997,23.7,.658,.084,.363,10.3,32.1,21.0,34.8,1.2,1.3,17.6,22.1,,6.4,2.4,8.9,.213,,4.4,2.4,6.8,4.4,sabondo01
428,Luka Šamanić,PF,24,UTA,27,149,8.0,.491,.393,.344,5.9,25.4,15.8,3.7,0.3,1.8,14.6,22.9,,-0.2,0.1,-0.1,-0.036,,-5.8,-2.9,-8.7,-0.3,samanlu01
429,Jermaine Samuels,SF,25,HOU,11,53,15.2,.758,.182,.182,4.0,18.2,11.1,5.4,0.9,1.7,0.0,9.6,,0.1,0.1,0.2,.191,,-0.3,1.2,0.9,0.0,samueje01
430,Adama Sanogo,PF,21,CHI,3,11,32.6,.926,.000,1.000,19.9,41.6,30.5,0.0,0.0,0.0,18.8,21.2,,0.1,0.0,0.1,.282,,9.1,1.7,10.8,0.0,sanogad01
431,Gui Santos,PF,21,GSW,14,118,17.2,.665,.441,.441,11.1,20.0,15.6,7.9,1.2,1.5,9.0,15.8,,0.3,0.1,0.5,.192,,0.7,0.1,0.8,0.1,santogu01
432,Dario Šarić,C,29,GSW,54,1016,16.0,.608,.508,.242,7.3,21.4,14.4,18.0,1.4,0.8,14.3,19.3,,1.7,1.1,2.8,.133,,1.2,0.6,1.7,1.0,saricda01
433,Olivier Sarr,C,24,OKC,13,90,14.7,.653,.333,.722,13.0,29.6,21.7,2.7,0.0,6.1,11.2,12.9,,0.2,0.2,0.3,.186,,-2.7,-0.2,-2.9,0.0,sarrol01
434,Marcus Sasser,PG,23,DET,50,813,14.0,.585,.448,.129,0.9,9.9,5.3,26.6,1.6,0.8,13.2,19.6,,0.9,0.3,1.2,.071,,0.0,-0.8,-0.8,0.2,sassema01
435,Admiral Schofield,PF,26,ORL,13,49,2.4,.444,.625,.125,2.3,16.8,9.5,14.2,0.0,0.0,19.2,18.4,,-0.1,0.0,-0.1,-0.067,,-6.4,-1.7,-8.1,-0.1,schofad01
436,Dennis Schröder,PG,30,TOT,56,1687,13.0,.544,.394,.252,1.4,8.8,5.0,27.1,1.3,0.4,12.1,19.6,,1.6,0.8,2.4,.068,,-1.1,-1.3,-2.4,-0.2,schrode01
436,Dennis Schröder,PG,30,TOR,51,1559,13.9,.559,.394,.267,1.5,8.5,4.9,27.6,1.4,0.4,11.7,19.4,,2.0,0.8,2.8,.085,,-0.6,-1.1,-1.8,0.1,schrode01
436,Dennis Schröder,PG,30,BRK,5,128,1.6,.378,.404,.096,0.0,12.2,5.9,21.3,0.0,0.0,15.6,21.5,,-0.4,0.0,-0.4,-0.136,,-7.4,-3.2,-10.5,-0.3,schrode01
437,Dereon Seabron,SG,23,NOP,5,52,9.1,.448,.154,.462,2.1,12.7,7.5,9.4,1.9,1.9,0.0,12.9,,0.0,0.1,0.1,.082,,-3.0,1.2,-1.9,0.0,seabrde01
438,Alperen Şengün,C,21,HOU,56,1814,21.7,.591,.121,.359,9.3,21.1,15.2,25.4,1.7,2.1,12.9,26.9,,3.3,2.8,6.1,.162,,2.9,1.6,4.5,3.0,sengual01
439,Brice Sensabaugh,SF,20,UTA,8,44,8.3,.514,.421,.053,2.5,14.8,8.7,9.7,1.1,0.0,13.4,21.1,,0.0,0.0,0.0,-0.025,,-3.6,-2.5,-6.1,0.0,sensabr01
440,Collin Sexton,SG,25,UTA,58,1431,20.2,.614,.323,.394,3.9,7.4,5.7,29.5,1.4,0.8,12.1,27.7,,3.9,0.5,4.3,.146,,3.8,-1.6,2.2,1.5,sextoco01
441,Landry Shamet,SG,26,WAS,40,620,11.5,.561,.557,.176,2.7,7.4,5.0,11.1,1.8,1.2,9.0,19.5,,0.2,0.2,0.4,.029,,-2.1,-1.2,-3.3,-0.2,shamela01
442,Day'Ron Sharpe,C,22,BRK,41,641,21.1,.606,.039,.473,18.4,28.6,23.3,13.2,1.5,4.5,15.2,19.7,,1.3,0.9,2.2,.165,,0.0,0.5,0.5,0.4,sharpda01
443,Shaedon Sharpe,SG,20,POR,32,1059,11.3,.524,.415,.274,4.2,13.4,8.5,13.8,1.3,1.0,12.9,22.4,,-0.3,0.7,0.4,.018,,-2.1,-0.9,-3.0,-0.3,sharpsh01
444,Ben Sheppard,SG,22,IND,35,384,9.4,.549,.664,.155,2.1,11.7,6.9,8.5,2.2,0.2,5.6,13.5,,0.3,0.2,0.5,.065,,-3.1,0.1,-3.0,-0.1,sheppbe01
445,Pascal Siakam,PF,29,TOT,56,1914,19.0,.604,.221,.327,4.8,16.3,10.5,20.9,1.2,0.6,9.7,24.7,,3.7,1.2,4.9,.122,,2.3,-0.6,1.7,1.8,siakapa01
445,Pascal Siakam,PF,29,TOR,39,1354,18.8,.600,.233,.358,4.3,15.9,10.0,21.7,1.1,0.6,10.3,25.4,,2.4,0.9,3.3,.115,,2.0,-0.7,1.3,1.2,siakapa01
445,Pascal Siakam,PF,29,IND,17,560,19.7,.616,.194,.252,6.1,17.3,11.7,18.9,1.3,0.6,8.0,23.2,,1.3,0.3,1.6,.138,,3.0,-0.3,2.7,0.7,siakapa01
446,Ben Simmons,PG,27,BRK,14,345,15.9,.560,.000,.208,8.8,27.2,17.7,32.5,1.7,2.3,25.6,13.1,,0.4,0.4,0.8,.117,,-0.6,2.9,2.3,0.4,simmobe01
447,Anfernee Simons,SG,24,POR,33,1110,15.8,.563,.477,.216,1.4,11.1,5.9,26.8,0.7,0.3,11.5,28.6,,1.0,0.4,1.4,.059,,2.4,-2.5,-0.2,0.5,simonan01
448,Jericho Sims,C,25,NYK,30,342,10.7,.710,.000,.324,9.8,17.4,13.6,4.1,0.4,3.0,15.9,6.3,,0.5,0.4,0.9,.124,,-2.2,0.2,-2.0,0.0,simsje01
449,Dmytro Skapintsev,C,25,NYK,2,2,-19.1,.000,.000,.000,0.0,0.0,0.0,0.0,0.0,0.0,0.0,21.4,,0.0,0.0,0.0,-0.476,,-16.3,-9.9,-26.1,0.0,skapidm01
450,Jalen Slawson,SF,24,SAC,5,19,5.4,.667,.333,.000,0.0,24.3,11.9,13.1,0.0,4.7,40.0,11.2,,0.0,0.0,0.0,-0.010,,-7.2,1.2,-5.9,0.0,slawsja01
451,Javonte Smart,PG,24,PHI,1,1,0.0,,,,0.0,0.0,0.0,0.0,0.0,0.0,,0.0,,0.0,0.0,0.0,.003,,-6.1,-2.2,-8.3,0.0,smartja01
452,Marcus Smart,PG,29,MEM,20,605,11.7,.552,.565,.236,1.1,8.8,4.8,22.3,3.3,0.8,19.2,23.1,,-0.6,0.8,0.2,.018,,-3.4,1.0,-2.4,-0.1,smartma01
453,Dennis Smith Jr.,PG,26,BRK,40,791,13.4,.500,.280,.165,5.3,13.3,9.1,27.3,2.9,1.1,15.4,17.9,,0.3,0.9,1.2,.070,,-2.5,1.7,-0.8,0.2,smithde03
454,Dru Smith,SG,26,MIA,9,131,12.7,.576,.515,.061,5.1,7.0,6.0,15.0,3.4,2.2,12.9,13.1,,0.1,0.2,0.3,.120,,-1.9,3.1,1.2,0.1,smithdr01
455,Ish Smith,PG,35,CHO,43,741,6.7,.435,.051,.025,1.6,10.2,5.7,26.0,1.1,0.5,22.7,12.1,,-0.5,0.2,-0.3,-0.022,,-5.7,-1.2,-6.9,-0.9,smithis01
456,Jabari Smith Jr.,PF,20,HOU,52,1659,13.4,.567,.435,.212,6.8,22.0,14.4,6.7,1.1,2.1,9.7,17.4,,1.3,2.4,3.7,.106,,-1.0,0.3,-0.7,0.5,smithja05
457,Jalen Smith,C,23,IND,39,704,20.4,.716,.367,.247,10.1,25.5,17.8,7.8,0.7,2.8,10.0,18.9,,2.0,0.6,2.6,.175,,3.0,-0.6,2.4,0.8,smithja04
458,Nick Smith Jr.,SG,19,CHO,37,573,8.5,.534,.521,.060,3.0,7.7,5.3,11.4,0.6,1.1,12.6,19.3,,-0.3,0.1,-0.2,-0.018,,-2.6,-2.6,-5.2,-0.5,smithni01
459,Terquavion Smith,PG,21,PHI,12,69,18.0,.557,.775,.075,0.0,3.2,1.6,22.5,4.9,0.0,8.8,28.0,,0.0,0.1,0.1,.101,,3.4,0.9,4.2,0.1,smithte01
460,Jeremy Sochan,PF,20,SAS,58,1716,11.0,.513,.275,.185,6.6,16.1,11.2,16.6,1.3,1.3,14.8,18.4,,-0.5,1.1,0.6,.018,,-3.0,-1.1,-4.0,-0.9,sochaje01
461,Pat Spencer,PG,27,GSW,1,2,0.0,,,,0.0,0.0,0.0,0.0,0.0,0.0,,0.0,,0.0,0.0,0.0,.000,,-7.0,-1.5,-8.5,0.0,spencpa01
462,Jaden Springer,SG-PG,21,TOT,34,380,10.3,.478,.319,.286,7.2,9.7,8.4,12.2,3.2,2.6,16.3,18.0,,-0.3,0.5,0.3,.032,,-4.5,0.9,-3.6,-0.2,sprinja01
462,Jaden Springer,SG,21,PHI,32,377,10.5,.481,.314,.288,7.3,9.7,8.5,12.3,3.2,2.6,16.4,18.0,,-0.2,0.5,0.3,.035,,-4.5,1.0,-3.4,-0.1,sprinja01
462,Jaden Springer,PG,21,BOS,2,3,-12.5,.000,1.000,.000,0.0,0.0,0.0,0.0,0.0,0.0,0.0,14.4,,0.0,0.0,0.0,-0.325,,-15.6,-7.9,-23.5,0.0,sprinja01
463,Lamar Stevens,PF,26,TOT,23,213,14.6,.540,.134,.244,8.8,21.4,15.0,7.5,1.8,4.2,13.4,21.3,,0.0,0.4,0.3,.076,,-3.0,0.7,-2.3,0.0,stevela01
463,Lamar Stevens,PF,26,BOS,19,122,14.4,.532,.178,.244,11.0,15.8,13.6,9.0,2.4,3.6,15.3,20.9,,0.0,0.2,0.2,.092,,-3.0,0.9,-2.1,0.0,stevela01
463,Lamar Stevens,PF,26,MEM,4,91,14.9,.549,.081,.243,5.8,28.8,16.9,5.5,1.1,5.1,10.9,21.8,,0.0,0.2,0.1,.055,,-2.9,0.4,-2.5,0.0,stevela01
464,Isaiah Stewart,PF,22,DET,35,1070,11.0,.579,.434,.235,6.4,18.8,12.5,7.7,0.6,2.1,13.9,15.3,,0.5,0.5,0.9,.042,,-1.9,-1.0,-2.9,-0.2,stewais01
465,Julian Strawther,SF,21,DEN,38,493,9.0,.493,.626,.126,0.9,10.6,5.9,10.7,1.7,1.2,7.5,19.9,,-0.2,0.5,0.3,.029,,-4.1,-1.1,-5.1,-0.4,strawju01
466,Max Strus,SF,27,CLE,56,1805,11.2,.543,.658,.126,3.1,13.3,8.3,15.8,1.4,1.3,11.8,17.1,,0.8,2.6,3.4,.090,,-1.4,0.9,-0.5,0.7,strusma01
467,Jalen Suggs,SG,22,ORL,53,1416,13.0,.581,.540,.193,3.1,11.0,7.0,14.1,2.6,2.1,15.1,20.2,,0.3,2.1,2.5,.083,,-1.3,1.3,0.0,0.7,suggsja01
468,Cole Swider,SF,24,MIA,10,50,7.1,.523,.739,.087,2.2,4.6,3.4,12.4,1.0,1.9,20.1,26.4,,-0.1,0.0,-0.1,-0.083,,-2.7,-2.3,-5.1,0.0,swideco01
469,Jae'Sean Tate,SF,28,HOU,52,902,9.5,.540,.348,.162,6.3,14.4,10.3,8.3,2.0,0.9,10.9,11.2,,0.5,1.3,1.8,.094,,-3.8,1.7,-2.1,0.0,tateja01
470,Jayson Tatum,PF,25,BOS,54,1938,22.2,.605,.437,.347,2.7,21.6,12.6,20.9,1.4,1.5,10.2,29.9,,4.4,3.2,7.5,.187,,4.3,0.9,5.2,3.5,tatumja01
471,Terry Taylor,PF,24,CHI,20,141,10.1,.577,.241,.034,10.8,12.2,11.5,6.7,1.4,1.5,19.2,11.3,,0.1,0.1,0.2,.066,,-3.5,0.1,-3.4,0.0,taylote01
472,Garrett Temple,SG,37,TOR,16,69,8.4,.486,.429,.286,7.8,9.8,8.8,11.3,2.1,0.0,17.5,17.7,,-0.1,0.0,0.0,-0.004,,-4.6,-1.8,-6.4,-0.1,templga01
473,Dalen Terry,SG,21,CHI,37,378,8.9,.497,.543,.296,4.0,15.1,9.5,16.5,1.7,2.2,16.4,12.7,,0.0,0.4,0.4,.056,,-4.2,1.3,-2.8,-0.1,terryda01
474,Daniel Theis,C,31,TOT,41,685,14.5,.604,.206,.222,10.4,14.0,12.3,8.1,1.3,4.7,11.6,15.3,,1.0,0.8,1.8,.129,,-1.7,0.4,-1.3,0.1,theisda01
474,Daniel Theis,C,31,IND,1,8,-6.8,.250,.250,.000,0.0,0.0,0.0,0.0,0.0,0.0,0.0,20.9,,0.0,0.0,0.0,-0.264,,-13.2,-7.3,-20.5,0.0,theisda01
474,Daniel Theis,C,31,LAC,40,677,14.8,.610,.205,.226,10.6,14.2,12.5,8.2,1.3,4.7,11.8,15.2,,1.1,0.8,1.9,.134,,-1.6,0.5,-1.1,0.2,theisda01
475,Cam Thomas,SG,22,BRK,47,1402,15.0,.544,.322,.265,1.3,9.4,5.2,14.5,1.2,0.8,8.6,30.4,,0.2,0.7,1.0,.033,,-0.4,-2.0,-2.4,-0.1,thomaca02
476,Amen Thompson,SF,21,HOU,38,754,16.1,.550,.185,.346,9.5,20.9,15.2,17.9,2.8,2.8,16.9,19.0,,0.3,1.4,1.8,.112,,-1.4,2.6,1.3,0.6,thompam01
477,Ausar Thompson,SF,21,DET,56,1353,13.1,.523,.205,.240,9.8,20.2,14.9,10.7,1.9,3.2,13.6,16.7,,0.2,1.2,1.4,.051,,-2.8,0.4,-2.4,-0.1,thompau01
478,Klay Thompson,SF,33,GSW,53,1608,12.4,.559,.604,.132,1.7,10.6,6.2,10.5,0.9,1.5,9.0,23.1,,0.8,1.1,1.9,.056,,0.1,-1.6,-1.5,0.2,thompkl01
479,Tristan Thompson,PF,32,CLE,36,446,14.3,.600,.011,.447,15.0,19.7,17.4,12.0,0.9,2.2,17.0,13.2,,0.6,0.7,1.3,.142,,-1.8,0.9,-0.9,0.1,thomptr01
480,JT Thor,PF,21,CHO,45,581,6.9,.442,.432,.094,7.0,14.2,10.5,3.9,0.7,2.8,7.1,11.7,,-0.2,0.3,0.0,.001,,-4.6,-1.5,-6.1,-0.6,thorjt01
481,Matisse Thybulle,SF,26,POR,54,1247,9.7,.523,.764,.078,1.9,7.9,4.7,7.4,3.7,3.0,9.5,10.1,,0.2,1.5,1.7,.064,,-3.3,3.3,0.0,0.6,thybuma01
482,Xavier Tillman Sr.,C-PF,25,TOT,35,703,11.8,.442,.248,.201,8.4,16.4,12.3,11.9,2.9,4.7,11.1,16.1,,-0.6,1.2,0.7,.046,,-3.8,2.3,-1.6,0.1,tillmxa01
482,Xavier Tillman Sr.,C,25,MEM,34,700,11.7,.440,.249,.202,8.5,16.4,12.3,12.0,2.9,4.6,11.1,16.1,,-0.6,1.2,0.7,.045,,-3.9,2.2,-1.6,0.1,tillmxa01
482,Xavier Tillman Sr.,PF,25,BOS,1,3,31.7,1.000,.000,.000,0.0,0.0,0.0,0.0,0.0,29.5,0.0,14.4,,0.0,0.0,0.0,.331,,2.3,12.0,14.4,0.0,tillmxa01
483,Jacob Toppin,SF,23,NYK,7,34,14.6,.658,.444,.222,9.8,9.9,9.9,8.2,0.0,2.7,9.2,13.7,,0.1,0.0,0.1,.157,,0.5,-1.7,-1.2,0.0,toppija01
484,Obi Toppin,PF,25,IND,58,1294,15.4,.669,.431,.181,5.6,14.5,10.0,9.2,1.1,1.8,10.0,16.4,,2.5,0.7,3.1,.116,,1.3,-0.8,0.5,0.8,toppiob01
485,Juan Toscano-Anderson,SF,30,SAC,11,53,2.5,.292,.333,.000,8.4,21.7,14.9,8.9,0.9,1.7,14.3,11.2,,-0.1,0.1,0.0,-0.029,,-8.8,-0.7,-9.5,-0.1,toscaju01
486,Karl-Anthony Towns,PF,28,MIN,56,1839,19.6,.637,.337,.313,5.4,22.8,14.7,14.5,1.0,1.8,13.7,27.5,,2.9,3.5,6.4,.168,,2.1,1.1,3.2,2.4,townska01
487,Gary Trent Jr.,SG,25,TOR,52,1379,10.6,.547,.562,.093,1.0,8.4,4.6,8.0,1.7,0.5,6.1,18.4,,0.3,0.8,1.1,.037,,-1.9,-1.1,-3.1,-0.4,trentga02
488,Oscar Tshiebwe,PF,24,IND,7,37,24.9,.586,.000,.353,18.5,24.9,21.7,7.4,2.5,0.0,0.0,22.2,,0.1,0.0,0.2,.229,,4.8,-2.0,2.9,0.0,tshieos01
489,P.J. Tucker,PF,38,TOT,17,258,5.0,.469,.800,.150,7.7,12.4,10.0,3.6,1.7,1.0,15.8,4.2,,0.1,0.3,0.4,.071,,-4.5,0.7,-3.8,-0.1,tuckepj01
489,P.J. Tucker,PF,38,PHI,3,66,4.6,.600,1.000,.000,1.7,21.9,11.7,0.0,2.2,2.7,28.6,4.5,,0.0,0.1,0.1,.051,,-5.2,1.1,-4.1,0.0,tuckepj01
489,P.J. Tucker,PF,38,LAC,14,192,5.1,.429,.733,.200,9.8,9.1,9.4,4.8,1.5,0.5,10.9,4.2,,0.2,0.2,0.3,.078,,-4.3,0.6,-3.7,-0.1,tuckepj01
490,Myles Turner,C,27,IND,54,1483,19.1,.628,.343,.366,6.5,22.8,14.6,6.5,1.0,5.0,9.7,23.3,,2.6,1.4,4.0,.129,,0.7,-0.3,0.4,0.9,turnemy01
491,Hunter Tyson,PF,23,DEN,9,27,-9.0,.143,.857,.000,0.0,24.2,12.3,4.2,0.0,0.0,22.2,14.5,,-0.2,0.0,-0.1,-0.228,,-15.7,-3.0,-18.8,-0.1,tysonhu01
492,Stanley Umude,SG,24,DET,17,190,12.9,.711,.596,.462,2.3,16.3,9.1,6.4,1.0,2.2,15.0,16.3,,0.3,0.1,0.4,.103,,-0.3,-0.1,-0.3,0.1,umudest01
493,Jonas Valančiūnas,C,31,NOP,58,1484,20.9,.634,.166,.289,11.6,30.0,20.8,13.1,0.8,3.9,11.2,20.6,,3.6,2.4,6.0,.195,,1.6,0.5,2.1,1.6,valanjo01
494,Jarred Vanderbilt,PF,24,LAL,29,581,11.5,.578,.237,.316,8.2,17.7,13.2,7.8,2.9,0.7,17.7,11.7,,0.2,0.8,1.1,.087,,-3.0,1.3,-1.7,0.0,vandeja01
495,Fred VanVleet,PG,29,HOU,50,1832,15.8,.559,.582,.223,1.2,9.8,5.5,31.0,1.5,2.3,10.3,19.1,,3.1,2.2,5.3,.138,,2.3,0.8,3.1,2.3,vanvlfr01
496,Devin Vassell,SG,23,SAS,53,1684,15.9,.581,.442,.208,1.4,11.4,6.3,18.1,1.5,0.9,8.1,23.6,,1.6,0.9,2.5,.071,,1.2,-1.3,-0.1,0.8,vassede01
497,Sasha Vezenkov,PF,28,SAC,35,440,13.6,.574,.606,.079,7.5,14.7,11.0,4.6,1.7,1.4,6.1,17.6,,0.4,0.4,0.8,.093,,-0.1,-1.1,-1.1,0.1,vezenal01
498,Gabe Vincent,PG,27,LAL,5,127,6.0,.411,.531,.063,1.8,2.5,2.2,14.7,2.2,0.0,5.7,11.8,,-0.1,0.1,0.0,.010,,-5.6,1.4,-4.2,-0.1,vincega01
499,Nikola Vučević,C,33,CHI,52,1791,17.3,.530,.260,.104,8.8,26.3,17.3,15.4,1.0,2.5,8.5,23.2,,1.5,2.2,3.7,.098,,0.4,-0.5,0.0,0.9,vucevni01
500,Dean Wade,PF,27,CLE,47,962,9.9,.592,.871,.095,3.9,18.1,11.1,4.8,1.9,1.7,8.3,10.3,,0.7,1.6,2.4,.118,,-2.0,2.1,0.1,0.5,wadede01
501,Franz Wagner,SF,22,ORL,50,1661,17.7,.573,.314,.274,3.7,16.1,9.8,20.0,1.6,0.9,10.1,26.2,,2.2,2.1,4.3,.124,,1.4,0.1,1.5,1.5,wagnefr01
502,Moritz Wagner,C,26,ORL,56,1029,20.2,.664,.203,.386,10.0,18.6,14.3,10.5,1.3,1.6,12.3,22.6,,2.5,1.4,3.9,.180,,1.5,0.1,1.7,1.0,wagnemo01
503,Ish Wainright,SF,29,POR,7,46,10.2,.530,.889,.111,0.0,23.6,11.0,0.0,2.1,2.0,5.0,18.4,,0.0,0.1,0.0,.050,,-1.4,0.5,-0.8,0.0,wainris01
504,Jabari Walker,SF,21,POR,52,1140,12.9,.549,.300,.338,9.8,23.8,16.3,5.4,1.3,1.6,11.2,16.3,,0.7,1.1,1.8,.076,,-2.8,-1.0,-3.8,-0.5,walkeja01
505,Jarace Walker,PF,20,IND,18,176,12.8,.536,.485,.106,5.2,13.7,9.5,13.9,2.4,2.7,12.6,18.8,,0.0,0.2,0.2,.055,,-0.6,0.1,-0.5,0.1,walkeja02
506,Lonnie Walker IV,SG,25,BRK,36,649,16.1,.598,.545,.144,1.4,11.4,6.2,13.4,1.9,1.4,9.8,24.8,,0.5,0.5,1.0,.074,,1.7,-0.6,1.1,0.5,walkelo01
507,Cason Wallace,SG,20,OKC,57,1180,11.8,.637,.552,.088,3.6,8.3,6.1,8.2,1.7,1.9,7.8,12.3,,1.7,1.3,3.0,.120,,-0.6,0.5,-0.1,0.6,wallaca01
508,Jordan Walsh,SF,19,BOS,4,33,3.9,.200,.600,.000,6.8,27.7,17.8,7.0,3.0,2.7,28.6,9.2,,-0.1,0.1,0.0,-0.002,,-9.3,3.6,-5.7,0.0,walshjo01
509,P.J. Washington,PF,25,TOT,49,1435,12.0,.536,.480,.185,4.3,16.4,10.1,10.9,1.4,2.2,11.3,20.4,,-0.3,1.0,0.7,.022,,-2.3,-1.0,-3.3,-0.5,washipj01
509,P.J. Washington,PF,25,CHO,44,1286,12.8,.545,.479,.185,4.4,16.2,10.1,11.3,1.4,2.3,10.7,20.9,,0.0,0.8,0.9,.032,,-1.8,-1.1,-2.8,-0.3,washipj01
509,P.J. Washington,PF,25,DAL,5,149,4.4,.430,.488,.186,2.9,17.7,10.3,6.8,1.3,1.2,17.7,16.2,,-0.3,0.1,-0.2,-0.061,,-6.8,-0.4,-7.2,-0.2,washipj01
510,TyTy Washington Jr.,PG,22,MIL,5,21,-3.1,.214,.429,.000,0.0,5.0,2.6,5.5,4.5,0.0,22.2,18.3,,-0.1,0.0,-0.1,-0.241,,-12.4,-0.7,-13.1,-0.1,washity02
511,Yuta Watanabe,SF,29,TOT,31,418,5.3,.489,.748,.135,3.2,9.6,6.5,3.7,1.3,1.5,12.6,13.9,,-0.4,0.3,0.0,-0.003,,-4.8,-1.2,-6.0,-0.4,watanyu01
511,Yuta Watanabe,SF,29,PHO,29,382,5.4,.502,.773,.155,3.5,9.6,6.7,3.3,1.1,1.6,13.4,13.5,,-0.3,0.3,0.0,.002,,-4.7,-1.4,-6.1,-0.4,watanyu01
511,Yuta Watanabe,SF,29,MEM,2,36,5.2,.393,.571,.000,0.0,9.5,4.6,8.3,2.7,0.0,6.7,18.0,,-0.1,0.0,0.0,-0.061,,-6.3,0.9,-5.4,0.0,watanyu01
512,Lindy Waters III,SG,26,OKC,24,170,10.9,.644,.923,.000,0.7,13.8,7.6,8.9,0.3,2.2,7.1,14.3,,0.2,0.2,0.4,.108,,-0.2,-0.9,-1.1,0.0,waterli01
513,Trendon Watford,PF,23,BRK,39,463,17.4,.624,.204,.246,7.2,16.9,11.9,17.9,1.6,1.7,12.3,19.5,,0.9,0.4,1.3,.138,,0.2,0.7,0.8,0.3,watfotr01
514,Peyton Watson,SF,21,DEN,56,1021,12.1,.563,.377,.256,4.1,13.5,8.9,7.3,1.5,4.4,10.9,16.3,,0.4,1.4,1.8,.083,,-2.3,0.6,-1.8,0.1,watsope01
515,Victor Wembanyama,C,20,SAS,52,1481,22.6,.563,.306,.297,8.1,30.7,19.2,19.1,2.1,9.8,15.7,32.0,,-0.8,2.8,2.1,.067,,1.2,2.5,3.8,2.2,wembavi01
516,Blake Wesley,SG,20,SAS,37,488,10.5,.542,.235,.353,2.4,7.7,5.0,26.8,1.8,0.7,17.4,14.3,,0.3,0.3,0.5,.050,,-4.3,-0.4,-4.8,-0.3,weslebl01
517,Russell Westbrook,PG,35,LAC,56,1285,16.0,.511,.244,.232,7.2,18.1,12.9,28.2,2.4,1.5,16.0,24.8,,0.1,1.7,1.9,.070,,-0.2,0.7,0.5,0.8,westbru01
518,Coby White,PG,23,CHI,57,2068,15.2,.586,.477,.219,1.6,13.2,7.3,21.5,1.0,0.6,11.6,22.8,,2.5,1.5,4.0,.093,,1.2,-1.0,0.2,1.1,whiteco01
519,Derrick White,SG,29,BOS,53,1711,16.9,.620,.578,.200,2.2,10.2,6.4,20.2,1.6,3.2,11.2,19.2,,3.6,2.4,6.0,.168,,2.3,1.4,3.7,2.5,whitede01
520,Cam Whitmore,SF,19,HOU,31,538,17.4,.587,.483,.259,4.0,18.3,11.1,4.3,1.7,1.5,8.3,27.5,,0.3,0.8,1.0,.093,,1.3,-0.5,0.8,0.4,whitmca01
521,Aaron Wiggins,SG,25,OKC,54,775,15.0,.693,.379,.179,5.8,12.1,9.1,8.3,1.7,0.8,12.0,15.4,,1.5,0.9,2.4,.147,,0.5,-0.2,0.4,0.5,wiggiaa01
522,Andrew Wiggins,SF,28,GSW,51,1388,11.9,.539,.307,.234,6.2,10.8,8.5,8.9,1.0,1.7,9.5,20.1,,0.7,1.0,1.7,.058,,-1.8,-1.2,-3.0,-0.4,wiggian01
523,Lindell Wigginton,PG,25,MIL,3,8,5.6,.510,.400,.400,0.0,0.0,0.0,0.0,0.0,0.0,14.5,36.7,,0.0,0.0,0.0,-0.155,,-14.6,-9.2,-23.8,0.0,wiggili01
524,Alondes Williams,SG,24,MIA,1,6,-12.7,.000,1.000,.000,0.0,19.1,9.4,0.0,0.0,0.0,50.0,14.7,,-0.1,0.0,0.0,-0.374,,-17.2,-4.1,-21.4,0.0,willial06
525,Brandon Williams,PG,24,DAL,12,59,11.7,.447,.273,.500,5.5,7.5,6.5,26.8,0.8,1.5,10.1,21.6,,0.0,0.0,0.0,.025,,-1.1,-2.1,-3.3,0.0,willibr03
526,Grant Williams,PF,25,TOT,53,1410,9.0,.571,.646,.194,4.0,11.3,7.6,8.4,0.9,1.8,13.0,14.4,,0.5,0.9,1.5,.050,,-2.4,-0.7,-3.0,-0.4,willigr01
526,Grant Williams,PF,25,DAL,47,1242,8.3,.560,.662,.174,4.0,10.9,7.5,8.3,0.9,1.9,13.4,13.5,,0.4,0.9,1.2,.047,,-2.6,-0.7,-3.3,-0.4,willigr01
526,Grant Williams,PF,25,CHO,6,168,14.5,.622,.563,.297,3.8,14.6,9.0,9.0,0.9,1.1,11.1,21.1,,0.2,0.1,0.3,.072,,-0.5,-0.3,-0.8,0.1,willigr01
527,Jalen Williams,PF,22,OKC,51,1630,18.4,.625,.243,.236,1.9,11.7,7.0,21.0,1.5,1.5,10.1,23.0,,3.4,1.9,5.2,.154,,1.8,0.0,1.8,1.6,willija06
528,Jaylin Williams,C,21,OKC,48,597,11.9,.533,.643,.172,5.1,23.2,14.6,13.2,1.5,2.6,10.1,13.7,,0.5,1.0,1.5,.120,,-1.1,1.6,0.5,0.4,willija07
529,Jeenathan Williams,SG,24,HOU,11,76,12.0,.499,.100,.233,11.3,2.8,7.0,11.8,1.3,0.0,5.7,19.7,,0.1,0.1,0.1,.073,,-2.6,-1.1,-3.7,0.0,willije02
530,Kenrich Williams,PF,29,OKC,46,676,11.3,.570,.534,.056,5.9,14.8,10.6,10.3,1.8,0.8,8.5,12.8,,0.7,0.9,1.6,.113,,-1.2,0.4,-0.8,0.2,willike04
531,Mark Williams,C,22,CHO,19,508,22.3,.675,.000,.424,16.0,24.8,20.2,6.7,1.5,3.6,8.7,16.8,,1.6,0.5,2.1,.196,,1.4,-0.8,0.7,0.3,willima07
532,Patrick Williams,PF,22,CHI,43,1174,11.0,.553,.412,.184,4.3,11.7,7.9,7.8,1.7,2.9,12.8,16.6,,0.1,1.2,1.3,.052,,-2.3,0.0,-2.3,-0.1,willipa01
533,Robert Williams,C,26,POR,6,119,17.2,.684,.000,.346,9.8,27.3,18.0,6.3,2.9,5.3,18.9,13.2,,0.1,0.2,0.4,.142,,-2.4,2.8,0.5,0.1,williro04
534,Vince Williams Jr.,SG,23,MEM,45,1207,13.1,.606,.590,.348,4.7,18.9,11.6,16.3,1.6,2.0,15.6,15.1,,1.2,1.6,2.8,.109,,-1.6,1.2,-0.4,0.5,willivi01
535,Ziaire Williams,SF,22,MEM,47,917,9.8,.519,.506,.205,3.7,15.8,9.5,11.8,1.8,0.9,13.9,20.0,,-0.7,1.1,0.3,.017,,-3.9,-0.2,-4.0,-0.5,willizi02
536,Zion Williamson,PF,23,NOP,47,1447,22.8,.615,.015,.439,6.4,13.7,10.0,27.4,1.5,1.6,12.1,29.0,,3.4,1.7,5.1,.169,,3.6,0.3,3.9,2.2,willizi01
537,Jalen Wilson,PF,23,BRK,18,238,15.0,.640,.355,.306,8.3,10.8,9.5,12.1,1.0,0.4,5.4,13.4,,0.6,0.1,0.8,.154,,1.1,-1.0,0.1,0.1,wilsoja03
538,Dylan Windler,SF,27,TOT,11,35,15.7,.682,.909,.000,0.0,12.3,6.3,26.7,0.0,0.0,0.0,13.5,,0.1,0.0,0.1,.199,,3.6,0.3,3.9,0.1,windldy01
538,Dylan Windler,SF,27,NYK,3,7,15.4,.750,1.000,.000,0.0,16.0,8.0,19.8,0.0,0.0,0.0,12.2,,0.0,0.0,0.0,.236,,3.6,3.8,7.5,0.0,windldy01
538,Dylan Windler,SF,27,LAL,8,28,15.8,.667,.889,.000,0.0,11.4,5.9,28.4,0.0,0.0,0.0,13.9,,0.1,0.0,0.1,.190,,3.6,-0.6,3.1,0.0,windldy01
539,James Wiseman,C,22,DET,37,528,15.4,.670,.014,.350,11.4,20.5,15.8,7.1,0.5,3.8,15.8,15.6,,0.8,0.3,1.1,.100,,-2.2,-1.0,-3.2,-0.2,wisemja01
540,Christian Wood,PF,28,LAL,50,872,12.3,.568,.432,.356,5.2,26.2,16.1,7.4,0.9,3.3,14.1,17.6,,0.0,1.1,1.1,.062,,-2.8,-0.2,-3.0,-0.2,woodch01
541,Delon Wright,PG,31,WAS,33,456,14.0,.497,.311,.238,2.9,11.0,6.9,22.7,3.6,1.4,7.5,13.4,,0.4,0.4,0.8,.087,,-1.9,2.3,0.3,0.3,wrighde01
542,Thaddeus Young,PF,35,TOT,24,369,15.7,.609,.067,.133,10.5,14.6,12.4,18.5,2.5,0.7,11.2,12.4,,0.7,0.4,1.1,.143,,-0.6,0.7,0.1,0.2,youngth01
542,Thaddeus Young,PF,35,TOR,23,350,16.0,.618,.069,.138,9.0,14.8,11.8,19.5,2.5,0.7,10.7,12.6,,0.7,0.3,1.1,.146,,-0.3,0.9,0.6,0.2,youngth01
542,Thaddeus Young,PF,35,PHO,1,19,9.8,.333,.000,.000,38.2,11.3,23.9,0.0,2.6,0.0,25.0,9.1,,0.0,0.0,0.0,.093,,-5.5,-3.6,-9.1,0.0,youngth01
543,Trae Young,PG,25,ATL,51,1862,20.0,.581,.464,.403,1.2,7.1,4.0,43.9,1.8,0.5,16.0,30.3,,3.8,0.4,4.2,.109,,4.8,-2.4,2.4,2.1,youngtr01
544,Omer Yurtseven,C,25,UTA,31,274,11.2,.518,.190,.155,14.9,28.8,21.9,6.5,0.7,3.5,21.1,17.2,,-0.2,0.3,0.1,.017,,-4.3,-1.0,-5.3,-0.2,yurtsom01
545,Cody Zeller,C,31,NOP,37,291,12.0,.476,.056,.648,14.9,22.0,18.5,14.7,1.3,1.3,15.8,12.2,,0.3,0.4,0.7,.115,,-3.0,0.4,-2.6,0.0,zelleco01
546,Ivica Zubac,C,26,LAC,46,1229,19.1,.668,.000,.334,13.4,26.2,20.0,7.0,0.4,4.2,11.6,16.5,,3.0,1.6,4.6,.181,,0.6,-0.1,0.5,0.8,zubaciv01